No;Sapcode;Barcode;Name;OrpakStock;In Stock;Differnce;Price;Amount;Supplier;
1;11200596;-;NOT Kapaci za casi;0;300;300;0;0;-
2;111000139;5205350520917;1Л MEGATRON SYNTHETIC 5W-40 МАСЛО;13;12;-1;24;-24.00;Еко България ЕАД
3;111000141;5205350520931;1Л MEGATRON ULTRA 10W-40 МАСЛО;15;15;0;19;0.00;Еко България ЕАД
4;111000143;5205350520955;1Л MEGATRON SUPER 15W-40 МАСЛО;14;14;0;13;0.00;Еко България ЕАД
5;111000144;5205350520962;4Л MEGATRON SUPER 15W-40 МАСЛО;4;4;0;48;0.00;Еко България ЕАД
6;111000149;5205350521129;1Л ATF МАСЛО СК. КУТИИ NEW;13;13;0;13.5;0.00;Еко България ЕАД
7;111000152;5205350521266;0.25Л СПИРАЧНА ТЕЧНОСТ SUPER NEW;23;23;0;5.9;0.00;Еко България ЕАД
8;111000210;5205350521037;1Л FORZA SYNTHETIC 10W-40 МАСЛО;20;20;0;26;0.00;Еко България ЕАД
9;111000236;5205350521785;1Л MEGATRON SYNTH 5W-30 SL/CF, A3/B4 08;13;14;1;24;24.00;Еко България ЕАД
10;111000295;5205350523093;1Л EKO FORZA PLUS SAE 20W-50;5;5;0;9.9;0.00;Еко България ЕАД
11;111000331;5205350522799;1Л EKO MOTO RACING SYNTHETIC 4T 10W-40;14;14;0;19;0.00;Еко България ЕАД
12;111000335;5205350522836;1Л EKO MOTO SYNTHETIC 2T;14;14;0;17;0.00;Еко България ЕАД
13;111000337;5205350522850;1Л EKO MOTO SUPER 2T;22;22;0;11;0.00;Еко България ЕАД
14;111000338;5205350522867;0.25Л EKO MOTO SUPER 2T;28;28;0;4;0.00;Еко България ЕАД
15;112000380;112000380;4ГР. ПОДСЛАДИТЕЛ KALYPSO - 1БР.;-12;0;12;10;120.00;Мултипак България ЕООД
16;112000572;5020144500636;NOT STP60150-ДОБ СКОР. КУТИЯ/ДИФЕРЕНЦИАЛ;3;3;0;22.19;0.00;ТАУРУС ИНТЕРНЕШИНЪЛ ЕООД BLOCKED
17;112000587;5032227440029;WD-40 АНТИКОРОЗИОННА СМАЗКА 200МЛ;1;1;0;8.99;0.00;ИМПАС-56 ООД
18;112000588;5032227440043;WD-40 400 МЛ.;3;2;-1;14.19;-14.19;ИМПАС-56 ООД
19;112000664;4100420010057;LM2761 СПИРАНЕ TЕЧMАСЛО300МЛ;11;11;0;17.99;0.00;СЕНАКС ООД
20;112000665;4100420010118;LM8341 ДОБАВКА МАСЛО MOS2 125МЛ;5;5;0;13.49;0.00;СЕНАКС ООД
21;112000666;4100420025303;LM2530 ЗАЩИТА ГОРИВНА СИСТЕМА 300МЛ;6;6;0;13.69;0.00;СЕНАКС ООД
22;112000668;4100420051005;LM8339 ДОБАВКА ГОРИВОКАРБУРАТОР300МЛ;6;6;0;13.29;0.00;СЕНАКС ООД
23;112000669;4100420051104;LM1971 ДОБАВКА ГОРИВОИНЖЕКЦИОН300МЛ.;5;5;0;13.99;0.00;СЕНАКС ООД
24;112000670;4100420051203;LM8343 ДОБАВКА ГОРИВО ДИЗЕЛ 250МЛ;4;4;0;12.69;0.00;СЕНАКС ООД
25;112000671;4100420051807;LM8340 НАМАЛЯВА ДИМЕНЕТО ДИЗЕЛ150МЛ;5;5;0;11.99;0.00;СЕНАКС ООД
26;112000716;4064700332300;1ЛSONAXЗИМНА ТЕЧНОСТ ЧИСТАЧКИ КОНЦЕНТРАТ;7;7;0;12.49;0.00;СЕНАКС ООД
27;112000722;3800205220084;1Л ТЕЧНОСТ ЧИСТАЧКИ КОНЦЕНТРАТ ЛЯТНА;33;33;0;2.99;0.00;ЕКСОН ООД
28;112000766;4100420033209;LM2669 ПОЧИСТВАНЕ РАДИАТОР;4;4;0;10.99;0.00;СЕНАКС ООД
29;112000768;4100420018770;150М LM ДОБАВКА ПРОТИВ ЗАМРЪЗВАНЕ ДИЗЕЛ;5;5;0;11.99;0.00;СЕНАКС ООД
30;112000846;3800034950824;АРОМАТИЗАТОР АРЕОН DRY;132;118;-14;0.99;-13.86;Ареон България ЕООД
31;112000875;9002852713245;NOT ЛАМПА РАБОТНА НЕОН 24V;2;2;0;9.69;0.00;Ес и Кей ЕООД
32;112000933;4050300925202;ОСРАМ Н7 64210 55W 12V PH26D;16;16;0;10.99;0.00;АМПЕРЕЛ ООД
33;112000936;4050300925264;ОСРАМ H1 UVS 64150 55W 12V P14.5SLA;19;19;0;5.09;0.00;АМПЕРЕЛ ООД
34;112000939;4050300925127;ОСРАМ H4 64193 60/55W 12V P43T;19;19;0;7.49;0.00;АМПЕРЕЛ ООД
35;112000940;4050300925189;ОСРАМ H4 CB 60/55W 12V P43T;1;1;0;14.2;0.00;АМПЕРЕЛ ООД
36;112000945;4050300925608;ОСРАМ 5008 BA15S R10W 12V 2БР;12;12;0;1.99;0.00;АМПЕРЕЛ ООД
37;112000946;4050300925462;ОСРАМ 7507 BAU15S 21W 12V СТОП 2БР;12;12;0;4.59;0.00;АМПЕРЕЛ ООД
38;112000947;4050300925448;ОСРАМ 7506 BA15S 21W 12V СТОП 2БР;10;10;0;2.39;0.00;АМПЕРЕЛ ООД
39;112000948;4050300925547;ОСРАМ 7225 BAZ15D 21/4W12VСТОП2БР;13;13;0;3.99;0.00;АМПЕРЕЛ ООД
40;112000980;3800205222330;1Л ЕКО АНТИФРИЗ ГОТОВ ЗА УПОТРЕБА;31;31;0;7.99;0.00;ЕКСОН ООД
41;112000982;3800205222354;1Л ЕКО АНТИФРИЗ КОНЦЕНТРАТ;44;32;-12;11.49;-137.88;ЕКСОН ООД
42;112000998;8006231777157;50 МЛ. STAC PLASTIC РАЗМРАЗИТ КЛЮЧАЛКИ;4;4;0;5.99;0.00;Ес и Кей ЕООД
43;112000999;8006231060389;200МЛ STAC PLASTIC СПРЕЙ СТАРТИРАНЕ ДВИГ;6;5;-1;7.99;-7.99;Ес и Кей ЕООД
44;112001000;8006231060372;200МЛ STAC PLASTIC ТЕЧНИ ВЕРИГИ;2;2;0;8.99;0.00;Ес и Кей ЕООД
45;112001001;8006231060235;NOT 200МSTACPLASTI СПРЕЙП/ВИЗПОТЯВСТЪКЛА;3;4;1;6.99;6.99;Ес и Кей ЕООД
46;112001020;5032227440012;WD-40 АНТИКОРОЗИОННА СМАЗКА 100МЛ;3;3;0;7.19;0.00;ИМПАС-56 ООД
47;112001044;73905000222;ГОЛД ИЙГЪЛ ЗА СПИРАНЕ ТЕЧ В ОХЛ.СИСТЕМА;2;2;0;8.99;0.00;МУВИО ЛОДЖИСТИКС ЕООД / Бултранспор
48;112001045;73905000895;ГОЛД ИЙГЪЛ ПОЧИСТВАИНЖЕКЦИОННИСИСТЕМИ;1;1;0;10.79;0.00;МУВИО ЛОДЖИСТИКС ЕООД / Бултранспор
49;112001047;4100420037207;LM 3720 ДОБАВКА ПОДОБРЯВАНЕ ГОРЕНЕТО;5;5;0;18.99;0.00;СЕНАКС ООД
50;112001064;8023689009197;5Л ТУБА ПЛАСТМАСОВА;-1;2;3;10.99;32.97;Ес и Кей ЕООД
51;112001065;8023689110220;10Л ТУБА ПЛАСТМАСОВА;4;4;0;15.79;0.00;Ес и Кей ЕООД
52;112001105;3800202690224;КАПАЧКА ЗА АГУ ЛОВАТО;4;2;-2;1.99;-3.98;ИМПАС-56 ООД
53;112001118;9002852791519;СТЪРГАЛКА ЗА ЛЕД С ДРЪЖКА SNOW MASTER;3;3;0;11.99;0.00;Ес и Кей ЕООД
54;112001120;73905000741;286МЛ ГОЛД ИЙГЪЛ СПРЕЙ ЗА СТУДЕН СТАРТ;2;2;0;7.84;0.00;МУВИО ЛОДЖИСТИКС ЕООД / Бултранспор
55;112001139;5010232967663;ПРЕЗЕРВАТИВИ ДЮРЕКС ELITE/FEEL INTIM;3;3;0;5.99;0.00;Аксон България АД
56;112001140;5038483140659;ПРЕЗЕРВАТИВИ ДЮРЕКСPERFORMA/EXT.PLEASURE;16;15;-1;5.99;-5.99;Аксон България АД
57;112001141;5010232967670;ПРЕЗЕРВАТИВИ ДЮРЕКС SELECT;16;3;-13;5.99;-77.87;Аксон България АД
58;112001143;5010232967465;ПРЕЗЕРВАТИВИ ДЮРЕКС ULTRA THIN/FEEL THIN;1;1;0;5.99;0.00;Аксон България АД
59;112001149;5010232967694;ПРЕЗЕРВАТИВИ ДЮРЕКС CLASSIC;9;9;0;4.99;0.00;Аксон България АД
60;112001150;5010232967687;ПРЕЗЕРВАТИВИ ДЮРЕКС EXTRA SAFE;16;16;0;4.99;0.00;Аксон България АД
61;112001219;5000394033665;ДЮРАСЕЛ NEW PLUS 9V MN1604 K1;2;2;0;10.19;0.00;Орбико България ЕООД
62;112001222;5000394033511;ДЮРАСЕЛ NEW PLUS АA MN1500 K2;4;4;0;4.19;0.00;Орбико България ЕООД
63;112001223;5000394033559;ДЮРАСЕЛ PLUS AAA MN2400 K4;4;4;0;7.39;0.00;Орбико България ЕООД
64;112001245;5010232964839;ПРЕЗЕРВАТИВИ ДЮРЕКС AROUSER/TICKLE ME;0;13;13;5.99;77.87;Аксон България АД
65;112001314;3800085102517;ИЗОЛИРАЩА ЛЕНТА JIP ЧЕРНА;10;10;0;1.49;0.00;Аксон България АД
66;112001330;70330607897;NOT ЗАПАЛКИ BIC МИНИ ЦВЕТНИ;5;4;-1;1.69;-1.69;Виста АВТ АД
67;112001331;3086120600020;NOT ЗАПАЛКИ BIC МАКСИ ЦВЕТНИ;28;28;0;2.49;0.00;Виста АВТ АД
68;112001492;5201263007026;ВЛАЖНИ КЪРПИЧКИ ЛИМОН 15 БР ПЛЪТНИ;16;16;0;1.49;0.00;ИНТЕРФУДС БЪЛГАРИЯ ЕАД
69;112001493;5201263007033;ВЛАЖНИ КЪРПИ АНТИБАКТЕРИАЛНИ;16;16;0;1.49;0.00;ИНТЕРФУДС БЪЛГАРИЯ ЕАД
70;112001497;5201263016219;NOT BABY CARE REFIL 72БР-БЕБЕШКИ КЪРПИЧК;9;9;0;5.59;0.00;ИНТЕРФУДС БЪЛГАРИЯ ЕАД
71;112001820;9789546510921;ПЪТЕН АТЛАС НА Б-Я(ДЖОБЕН);3;3;0;2.99;0.00;ДОМИНО ЕООД
72;112001821;9789546510594;ПЪТЕН АТЛАС НА Б-Я(ЛУКС);1;1;0;7.29;0.00;ДОМИНО ЕООД
73;112001823;9789546511058;КАРТА ЧУЖДЕСТРАННА (ТВЪРДИ КОРИЦИ);4;4;0;5.99;0.00;ДОМИНО ЕООД
74;112002132;112002132;Ц-РИ DAVIDOFF CLASSIC;21;21;0;6;0.00;Табако Трейд Сървисес ЕООД
75;112002133;112002133;Ц-РИ ДАВИДОФФ ГОЛД;22;22;0;6;0.00;Табако Трейд Сървисес ЕООД
76;112002134;40306551;Ц-РИ DAVIDOV SL GOLD;56;50;-6;5.5;-33.00;Табако Трейд Сървисес ЕООД
77;112002137;52015991;КАРЕЛИЯ ДЖОРДЖ И СОНС СЕЛЕКТЕД;19;19;0;5.6;0.00;Болкан Едвъртайзинг Енд Дистрибюшън
78;112002138;52018251;КАРЕЛИЯ ДЖОРДЖ И СОНС РИФАЙНД;23;23;0;5.6;0.00;Болкан Едвъртайзинг Енд Дистрибюшън
79;112002139;52013454;КАРЕЛИЯ ЕС;33;31;-2;5.2;-10.40;Болкан Едвъртайзинг Енд Дистрибюшън
80;112002174;54491472;КОКА КОЛА 0.5Л;11;17;6;1.59;9.54;КОКА-КОЛА ХБК БЪЛГАРИЯ АД
81;112002176;40822938;ФАНТА ПОРТОКАЛ 0.5Л;6;6;0;1.59;0.00;КОКА-КОЛА ХБК БЪЛГАРИЯ АД
82;112002182;54491069;СПРАЙТ 0.5Л;13;13;0;1.59;0.00;КОКА-КОЛА ХБК БЪЛГАРИЯ АД
83;112002186;50112975;КИНЛИ КЛУБ СОДА 0.5Л;10;10;0;1.19;0.00;КОКА-КОЛА ХБК БЪЛГАРИЯ АД
84;112002201;5449000052926;NOT ФАНТА ПОРТОКАЛ 1.5Л;0;3;3;0;0.00;КОКА-КОЛА ХБК БЪЛГАРИЯ АД
85;112002202;5449000012203;NOT СПРАЙТ 1.5Л;0;10;10;0;0.00;КОКА-КОЛА ХБК БЪЛГАРИЯ АД
86;112002216;90162602;РЕД БУЛ КЕН;13;13;0;2.99;0.00;Девин ЕАД
87;112002224;5449000000996;КОКА КОЛА КУТИЯ 0.33Л;6;6;0;1.49;0.00;КОКА-КОЛА ХБК БЪЛГАРИЯ АД
88;112002226;5449000011527;ФАНТА ПОРТОКАЛ КУТИЯ 0.33Л.;9;9;0;1.49;0.00;КОКА-КОЛА ХБК БЪЛГАРИЯ АД
89;112002227;5449000014535;СПРАЙТ КУТИЯ 0.330 Л;18;18;0;1.49;0.00;КОКА-КОЛА ХБК БЪЛГАРИЯ АД
90;112002344;3800000600012;ДЕВИН 1.5Л;50;50;0;1.49;0.00;Девин ЕАД
91;112002346;3800000600029;0.5Л ДЕВИН МИНЕРАЛНА ВОДА;70;68;-2;1.19;-2.38;Девин ЕАД
92;112002348;3800001600110;ГОРНА БАНЯ 0.5Л;12;12;0;1.19;0.00;МУВИО ЛОДЖИСТИКС ЕООД / Бултранспор
93;112002416;90020735;0.5Л RAUCH МУЛТИВИТАМИН;11;11;0;1.99;0.00;Инкозметикс АД
94;112002418;90020315;0.5Л RAUCH ПОРТОКАЛ;11;11;0;1.99;0.00;Инкозметикс АД
95;112002419;90169663;0.5Л RAUCH МАНДАРИН;14;12;-2;1.99;-3.98;Инкозметикс АД
96;112002420;90169953;0.5Л RAUCH ЧЕРВЕН ПОРТОКАЛ;16;16;0;1.99;0.00;Инкозметикс АД
97;112002421;90087127;RAUCH АЙС КАФЕ 0.25Л;11;11;0;3.29;0.00;ИНКОФУДС ООД
98;112002426;3800202530056;0.5Л БАНКЯ ВОДА;38;34;-4;1.09;-4.36;КОКА-КОЛА ХБК БЪЛГАРИЯ АД
99;112002427;3800202530063;1.5Л БАНКЯ ВОДА;34;39;5;1.39;6.95;КОКА-КОЛА ХБК БЪЛГАРИЯ АД
100;112002517;3800000600593;1.5Л ИЗВОРНА ВОДА ДЕВИН;45;44;-1;1.49;-1.49;Девин ЕАД
101;112002518;3800000600562;0.5Л ДЕВИН ИЗВОРНА ВОДА;60;62;2;1.19;2.38;Девин ЕАД
102;112002538;3800022402120;0.5Л ЗАГОРКА КУТИЯ;17;17;0;1.99;0.00;МУВИО ЛОДЖИСТИКС ЕООД / Бултранспор
103;112002549;3800022404124;АРИАНА 0.5 Л КЕН;19;19;0;1.89;0.00;МУВИО ЛОДЖИСТИКС ЕООД / Бултранспор
104;112002552;3800052310013;0.50Л КАМЕНИЦА КУТИЯ;41;41;0;1.89;0.00;МУВИО ЛОДЖИСТИКС ЕООД / Бултранспор
105;112002569;8690582182403;0.5 ТУБОРГ КУТИЯ;3;3;0;2.19;0.00;МУВИО ЛОДЖИСТИКС ЕООД / Бултранспор
106;112002587;3800052317111;0.5Л БЕКС КУТИЯ;9;9;0;2.49;0.00;МУВИО ЛОДЖИСТИКС ЕООД / Бултранспор
107;112002764;50173976;10 ДРАЖЕТА ОРБИТ УИНТЪРФРОСТ;43;43;0;1.09;0.00;МУВИО ЛОДЖИСТИКС ЕООД / Бултранспор
108;112002766;112002766;10 ДРАЖЕТА ОРБИТ УАЙТ;26;26;0;1.09;0.00;МУВИО ЛОДЖИСТИКС ЕООД / Бултранспор
109;112002857;3800029101415;59ГР.СЛАДОЛЕД СУПЕР ХИТ ШОКОМАНИЯ;8;8;0;1.49;0.00;Фронери България ЕООД
110;112002858;3800029101514;87ГР СЛАДОЛЕД BOSS КЛАСИК;11;12;1;3.29;3.29;Фронери България ЕООД
111;112002859;3800029101521;85ГР.СЛАДОЕД BOSS БЯЛ ШОКОЛАД;0;1;1;3.29;3.29;Фронери България ЕООД
112;112002860;3800029101538;90ГР.СЛАДОЛЕД BOSS БАДЕМ;8;9;1;3.29;3.29;Фронери България ЕООД
113;112002965;3800029104294;73ГР.СЛАДОЛЕД ГАЛАКСИ ВАНИЛИЯ;50;50;0;1.09;0.00;Фронери България ЕООД
114;112003000;3045140105502;100ГР МИЛКА АЛПИЙСКО МЛЯКО;1;1;0;3.19;0.00;МУВИО ЛОДЖИСТИКС ЕООД / Бултранспор
115;112003003;7622200007332;100ГР МИЛКА ЯГОДА;1;1;0;3.19;0.00;МУВИО ЛОДЖИСТИКС ЕООД / Бултранспор
116;112003004;7622200008612;100ГР МИЛКА МИЛКИНС;2;2;0;3.19;0.00;МУВИО ЛОДЖИСТИКС ЕООД / Бултранспор
117;112003005;3800005103037;100ГР МИЛКА ЛЕШНИК;-2;0;2;3.49;6.98;МУВИО ЛОДЖИСТИКС ЕООД / Бултранспор
118;112003006;3045140280902;100ГР МИЛКА ЛЕШНИК И СТАФИДА;4;3;-1;3.49;-3.49;МУВИО ЛОДЖИСТИКС ЕООД / Бултранспор
119;112003007;3800005103020;100ГР МИЛКА МЛЯН ЛЕШНИК;2;2;0;3.49;0.00;МУВИО ЛОДЖИСТИКС ЕООД / Бултранспор
120;112003015;3800005107011;153ГР ФИГАРО ШОКОЛАДОВИ БОНБОНИ;2;2;0;5.39;0.00;МУВИО ЛОДЖИСТИКС ЕООД / Бултранспор
121;112003016;3800005107103;126ГР АИДА ШОКОЛАДОВИ БОНБОНИ;4;4;0;5.39;0.00;МУВИО ЛОДЖИСТИКС ЕООД / Бултранспор
122;112003036;3800005106038;36.7ГР ВАФЛА МОРЕНИ;10;30;20;0.89;17.80;МУВИО ЛОДЖИСТИКС ЕООД / Бултранспор
123;112003037;3800005109022;49.7ГР ВАФЛА МОРЕНИ МАХХ;10;17;7;0.99;6.93;МУВИО ЛОДЖИСТИКС ЕООД / Бултранспор
124;112003045;80052760;43 ГР КИНДЕР БУЕНО T2X30;15;16;1;1.59;1.59;Орно АД
125;112003046;80177609;50ГР КИНДЕР ШОКОЛАД Т4X20X8;18;18;0;1.59;0.00;Орно АД
126;112003047;40084701;100ГР  КИНДЕР  ШОКОЛАД Т8Х10Х4;10;10;0;2.99;0.00;Орно АД
127;112003055;4011100064621;75ГР СНИКЪРС 2 PACK;0;1;1;1.69;1.69;МУВИО ЛОДЖИСТИКС ЕООД / Бултранспор
128;112003057;5900951134982;47ГР МАРС ДЕСЕРТ;16;16;0;1.19;0.00;МУВИО ЛОДЖИСТИКС ЕООД / Бултранспор
129;112003058;4011100818705;70ГР МАРС КИНГСАЙЗ;31;29;-2;1.69;-3.38;МУВИО ЛОДЖИСТИКС ЕООД / Бултранспор
130;112003059;5900951018176;50ГР ТУИКС;36;35;-1;1.19;-1.19;МУВИО ЛОДЖИСТИКС ЕООД / Бултранспор
131;112003060;5000159024501;75ГР ТУИКС КИНГСАЙЗ;14;14;0;1.69;0.00;МУВИО ЛОДЖИСТИКС ЕООД / Бултранспор
132;112003061;40111216;57ГР БАУНТИ;17;17;0;1.39;0.00;МУВИО ЛОДЖИСТИКС ЕООД / Бултранспор
133;112003070;5201360571208;60 ГР. MINI 7 DAYS КАКАО;8;0;-8;1.29;-10.32;МУВИО ЛОДЖИСТИКС ЕООД / Бултранспор
134;112003071;5201360571703;60 ГР. MINI 7 DAYS  МИЛФЕЙ;-11;0;11;1.29;14.19;МУВИО ЛОДЖИСТИКС ЕООД / Бултранспор
135;112003085;3800020412039;37ГР НЕСТЛЕ LZ МЛЕЧЕН ШОКОЛАД;-10;0;10;1.29;12.90;МУВИО ЛОДЖИСТИКС ЕООД / Бултранспор
136;112003086;3800020424896;NOT 35ГР НЕСТЛЕ LZ БЯЛ ШОКОЛАД;8;8;0;1.29;0.00;МУВИО ЛОДЖИСТИКС ЕООД / Бултранспор
137;112003097;3800020431306;40ГР KИТ КАТ ЧЪНКИ;8;42;34;1.39;47.26;МУВИО ЛОДЖИСТИКС ЕООД / Бултранспор
138;112003123;3046920071239;40ГР БАР ЛЕШНИК NOCCIOLATE;8;8;0;2.49;0.00;ИНКОФУДС ООД
139;112003124;8003340077116;35ГР БАР ЛЕШНИК NOCCIONOIR;12;12;0;2.49;0.00;ИНКОФУДС ООД
140;112003137;9002975312219;БОНБОНИ ХАРИБО БИБЕРОНКИ 100ГР;3;3;0;1.89;0.00;ИНКОФУДС ООД
141;112003139;9002975324113;БОНБОНИ ХАРИБО МЕЧЕШКИ ЕЗИЧЕТА 100Г;1;0;-1;1.89;-1.89;ИНКОФУДС ООД
142;112003141;9002975401111;БОНБОНИ ХАРИБО МЕКИ МЕЧЕТА 100ГР;5;5;0;1.89;0.00;ИНКОФУДС ООД
143;112003159;4011800524012;50ГР КОРНИ БАНАН;59;48;-11;1.49;-16.39;ПАУЪРМАРК ООД
144;112003160;4011800567514;50ГР КОРНИ ЧЕРВЕНА БОРОВИНКА;48;48;0;1.49;0.00;ПАУЪРМАРК ООД
145;112003161;4011800547516;50ГР КОРНИ ЯДКИ;35;39;4;1.49;5.96;ПАУЪРМАРК ООД
146;112003162;4011800546519;50ГР КОРНИ ШОКОЛАД;59;55;-4;1.49;-5.96;ПАУЪРМАРК ООД
147;112003192;9002975367134;БОНБОНИ ХАРИБО ТРОПИФРУТИ;4;4;0;1.89;0.00;ИНКОФУДС ООД
148;112003194;9002975405157;БОНБОНИ ХАРИБО ЯГОДКИ;4;4;0;1.89;0.00;ИНКОФУДС ООД
149;112003209;5201004040312;250ГР РОНДО ШОКОЛАД;2;2;0;2.79;0.00;Орбико България ЕООД
150;112003210;5201004040251;250ГР РОНДО ДВОЕН ШОКОЛАД;3;3;0;2.79;0.00;Орбико България ЕООД
151;112003213;5201004021328;ПУРИ CAPRICE МИНИ 115ГР;1;1;0;3.59;0.00;Орбико България ЕООД
152;112003265;40084107;20Г ШОКОЛАДОВО ЯЙЦЕ KINDER SURPRISET;108;108;0;2.09;0.00;Орно АД
153;112003545;5900951017131;50ГР ДЕСЕРТ SNICKERS CLASSIC;32;32;0;1.19;0.00;МУВИО ЛОДЖИСТИКС ЕООД / Бултранспор
154;112003587;3800061600457;55ГР ВАФЛА ХИПЕР;82;75;-7;0.89;-6.23;МУВИО ЛОДЖИСТИКС ЕООД / Бултранспор
155;112003589;3800061600068;240ГР БИСКВИТИ МИРАЖ МАЛИНА;5;4;-1;2.79;-2.79;МУВИО ЛОДЖИСТИКС ЕООД / Бултранспор
156;112003591;3800061600174;190ГР Б-ТИ ТРАЯНА;2;2;0;2.69;0.00;МУВИО ЛОДЖИСТИКС ЕООД / Бултранспор
157;112003601;3800020411032;37ГР НЕСТЛЕ LZ НАТУРАЛЕН ШОКОЛАД;20;20;0;1.29;0.00;МУВИО ЛОДЖИСТИКС ЕООД / Бултранспор
158;112003706;4000522061752;100ГР СТИКЛЕТИ СОЛЕТИ;2;2;0;1.79;0.00;МУВИО ЛОДЖИСТИКС ЕООД / Бултранспор
159;112004118;8606009361320;73ГР.СЛАДОЛЕД ГАЛАКСИ КАКАО;48;48;0;1.09;0.00;Фронери България ЕООД
160;112004124;3800029103433;СЛАДОЛЕД НИРВАНА ПРАЛИНА И КРЕМ;4;4;0;3.69;0.00;Фронери България ЕООД
161;112004178;3800034962223;АРОМАТИЗАТОР АРЕОН LUX;49;49;0;1.89;0.00;Ареон България ЕООД
162;112004287;5201360112159;110 ГР. КРОАСАН 7 DAYS MAX КРЕМ БРЮЛЕ;3;4;1;1.29;1.29;МУВИО ЛОДЖИСТИКС ЕООД / Бултранспор
163;112004288;5201360112166;110 ГР. КРОАСАН 7 DAYS MAX КАКАО;5;0;-5;1.29;-6.45;МУВИО ЛОДЖИСТИКС ЕООД / Бултранспор
164;112004366;42113270;10 ДРАЖЕТА ОРБИТ ДИНЯ;26;26;0;1.09;0.00;МУВИО ЛОДЖИСТИКС ЕООД / Бултранспор
165;112004418;47700307;ЦИГАРИ MARLBORO GOLD;20;20;0;5.7;0.00;Орбико България ЕООД
166;112004419;47705005;ЦИГАРИ PARLIAMENT SILVER BLUE;70;70;0;6.5;0.00;Орбико България ЕООД
167;112004420;47704909;ЦИГАРИ PARLIAMENT AQUA BLUE;48;48;0;6.5;0.00;Орбико България ЕООД
168;112004433;9789546511423;ТУРИСТ. ПЪТЕВОДИТЕЛ БЪЛГАРИЯ АНГЛ. ЕЗИК;1;1;0;8.99;0.00;ДОМИНО ЕООД
169;112004434;3800020433423;42ГР КИТ КАТ- ЧЪНКИ ЛЕШНИК;10;20;10;1.39;13.90;МУВИО ЛОДЖИСТИКС ЕООД / Бултранспор
170;112004439;73905152112;ДИЗЕЛ ПАУЪР ПОВИШАВАЦЕТАНОВОЧИСЛО132Л;2;2;0;16.79;0.00;МУВИО ЛОДЖИСТИКС ЕООД / Бултранспор
171;112004520;8006231060686;300МSTAC PLASTIC СПРЕЙ РАЗМРАЗЯВАНЕ СТЪК;4;4;0;6.99;0.00;Ес и Кей ЕООД
172;112004752;42113164;ОРБИТ УАЙТ СПЕРМИНТ ДРАЖЕ;49;49;0;1.09;0.00;МУВИО ЛОДЖИСТИКС ЕООД / Бултранспор
173;112004762;8711293232048;ТАПА ЗА РЕЗЕРВОАР С ВИНТ;9;9;0;1.89;0.00;Ес и Кей ЕООД
174;112004797;38013782;ЦИГАРИ LM RED;10;10;0;5.2;0.00;Орбико България ЕООД
175;112004799;38013799;ЦИГАРИ LM BLUE;5;5;0;5.2;0.00;Орбико България ЕООД
176;112004886;4100420051708;LM2666 ЗА ПОЧИСТВАНЕ НА РАЗПРЪСКВАЧИТЕ;4;4;0;18.99;0.00;СЕНАКС ООД
177;112004963;3800205875208;70Г БРУСКЕТИ С ГЪБИ И СМЕТАНА;2;3;1;1.39;1.39;МУВИО ЛОДЖИСТИКС ЕООД / Бултранспор
178;112004964;3800205875000;70Г БРУСКЕТИ СЪС СПАНАК И СИРЕНЕ;11;11;0;1.39;0.00;МУВИО ЛОДЖИСТИКС ЕООД / Бултранспор
179;112004965;3800205875109;70Г БРУСКЕТИ С ДОМАТИ И МАСЛИН;7;7;0;1.39;0.00;МУВИО ЛОДЖИСТИКС ЕООД / Бултранспор
180;112005029;9789546511560;ТУРИСТИЧЕСКА КАРТА НА БЪЛГАРИЯ-АНГЛ.ЕЗИК;3;3;0;3.59;0.00;ДОМИНО ЕООД
181;112005032;800051220;43 ГР. КИНДЕР БУЕНО БЯЛО T2;23;22;-1;1.59;-1.59;Орно АД
182;112005105;5201024776680;155ГР. РАФЪЛС БАРБЕКЮ;2;2;0;3.39;0.00;Виста АВТ АД
183;112005146;3800034953597;АРОМАТИЗАТОР АРЕОН ФРЕСКО;59;58;-1;2.69;-2.69;Ареон България ЕООД
184;112005193;80177043;50ГР ФЕРЕРО РОШЕ Т4Х16Х1;16;16;0;3.39;0.00;Орно АД
185;112005199;3800216120175;ЦИГАРИ MARLBORO SILVER;10;10;0;5.7;0.00;Орбико България ЕООД
186;112005245;38013577;ЦИГАРИ PARLIAMENT SUPER SLIMS;18;18;0;6.5;0.00;Орбико България ЕООД
187;112005323;40331652;ЦИГАРИ КЕМЪЛ ФИЛТЪР КС;11;12;1;5.4;5.40;Табако Трейд Сървисес ЕООД
188;112005345;4008153740473;2БР NIGRIN ПРЕП ЗА РАЗМРАЗЯВАНЕ КЛЮЧАЛКИ;3;3;0;5.99;0.00;ИМПАС-56 ООД
189;112005422;112005422;БУТИЛИРАНА ДОМАКИНСКА ГАЗ - 10КГ;12;0;-12;27.5;-330.00;Топливо Газ ЕООД
190;112005451;3800205875604;70ГР БРУСКЕТИ 4 СИРЕНА;3;3;0;1.39;0.00;МУВИО ЛОДЖИСТИКС ЕООД / Бултранспор
191;112005454;42138037;ЦИГАРИ УИНСТЪН РЕД КС;5;5;0;5.2;0.00;Табако Трейд Сървисес ЕООД
192;112005455;42138051;ЦИГАРИ УИНСТЪН БЛУ КС;11;11;0;5.2;0.00;Табако Трейд Сървисес ЕООД
193;112005456;42138068;ЦИГАРИ УИНСТЪН СИЛВЪР КС;4;4;0;5.2;0.00;Табако Трейд Сървисес ЕООД
194;112005534;50173822;10 ДРАЖЕТА ОРБИТ СПЕЪРМИНТ;32;32;0;1.09;0.00;МУВИО ЛОДЖИСТИКС ЕООД / Бултранспор
195;112005597;5201333888937;КАРЕЛИЯ WHITE;10;10;0;5;0.00;Болкан Едвъртайзинг Енд Дистрибюшън
196;112005598;5201333888913;КАРЕЛИЯ BLUE;11;11;0;5;0.00;Болкан Едвъртайзинг Енд Дистрибюшън
197;112005599;5201333888920;КАРЕЛИЯ BLUE 100 C;2;0;-2;5;-10.00;Болкан Едвъртайзинг Енд Дистрибюшън
198;112005711;8606009362327;122ГР.СЛАДОЛЕД НИРВАНА БИСКВИТИ;4;4;0;3.69;0.00;Фронери България ЕООД
199;112005813;5203064006826;105ГР КРЕКЕРИ ЕЛИТ СОЛ;3;3;0;1.69;0.00;ИНКОФУДС ООД
200;112005828;5038483255292;4БР ДЮРЕКС LOVE;8;8;0;4.99;0.00;Аксон България АД
201;112005936;112005936;КАПАЦИ ЗА ЧАШИ;708.4;0;-708.4;10;-7084.00;МАРВИПАК ЕООД
202;112005937;3800216752604;ЦИГАРИ ROTHMANS BLUE;27;27;0;5.2;0.00;Експрес Логистика и Дистрибуция ЕОО
203;112005963;4009900420198;46БР ОРБИТ ДИНЯ ФЛАКОН;5;5;0;3.49;0.00;МУВИО ЛОДЖИСТИКС ЕООД / Бултранспор
204;112005968;4009900412117;46БР ОРБИТ МЕНТА ФЛАКОН;8;8;0;3.49;0.00;МУВИО ЛОДЖИСТИКС ЕООД / Бултранспор
205;112005981;112005981;10КГ ВИТОГАЗ БУТИЛИРАНА ДОМАКИНСКА ГАЗ;-3;0;3;27.6;82.80;ВИ-ГАЗ БЪЛГАРИЯ ЕАД
206;112005989;42138105;ЦИГАРИ УИНСТЪН СУПЕР ЛАЙН БЛУ;17;17;0;5.2;0.00;Табако Трейд Сървисес ЕООД
207;112005990;42138112;ЦИГАРИ УИНСТЪН СУПЕР ЛАЙН СИЛВЪР;16;16;0;5.2;0.00;Табако Трейд Сървисес ЕООД
208;112006217;50357024;25ГР Б-НИ ФИШЕРМАНС ФРЕНД ОРИГИНАЛ;5;5;0;1.79;0.00;Орбико България ЕООД
209;112006219;50997862;25ГР Б-НИ ФИШЕРМАНС ФРЕНД МЕНТА БЕЗ ЗАХ;3;3;0;1.79;0.00;Орбико България ЕООД
210;112006222;3800216120519;ЦИГАРИ МУРАТИ СЛИМС;21;21;0;5.2;0.00;Орбико България ЕООД
211;112006223;3800216120533;ЦИГАРИ МУРАТИ СЛИМС СИЛВЪР;2;2;0;5.2;0.00;Орбико България ЕООД
212;112006227;38016219;КАПАЧКА ЗА АГУ ICOM;7;9;2;1.99;3.98;ИМПАС-56 ООД
213;112006240;4030600027851;Ц-РИ DAVIDOFF SSL ROSE;17;17;0;5.8;0.00;Табако Трейд Сървисес ЕООД
214;112006287;3800034954129;АРОМАТИЗАТОР ПАРФЮМ АРЕОН В БЛИСТЕР;3;3;0;5.99;0.00;Ареон България ЕООД
215;112006289;3800034955584;АРОМАТИЗАТОР АРЕОН МОН XXL;11;11;0;1.59;0.00;Ареон България ЕООД
216;112006668;52015526;КАРЕЛИЯ WHITE 100;7;7;0;5;0.00;Болкан Едвъртайзинг Енд Дистрибюшън
217;112006669;52014260;КАРЕЛИЯ ЕМ;25;25;0;5.2;0.00;Болкан Едвъртайзинг Енд Дистрибюшън
218;112006690;3800205222491;4Л ЕКО ЛЯТНА ТЕЧНОСТ ЗА ЧИСТАЧКИ ГОТОВА;6;6;0;6.99;0.00;ЕКСОН ООД
219;112006721;5449000046390;330МЛ ШВЕПС КЕН;14;14;0;1.49;0.00;КОКА-КОЛА ХБК БЪЛГАРИЯ АД
220;112006723;5201333555204;КАРЕЛИЯ OME СС;11;12;1;5.2;5.20;Болкан Едвъртайзинг Енд Дистрибюшън
221;112006724;5201333555259;КАРЕЛИЯ OME СС ЙЕЛОУ;40;40;0;5.2;0.00;Болкан Едвъртайзинг Енд Дистрибюшън
222;112006818;3800216752413;Ц-РИ DUNHILL FINE CUT BLACK BRAND CODE;59;59;0;6.2;0.00;Експрес Логистика и Дистрибуция ЕОО
223;112006819;3800216752420;DUNHILL FINE CUT DEEP BLUE BRAND CODE;118;118;0;6.2;0.00;Експрес Логистика и Дистрибуция ЕОО
224;112006820;3800205222538;4Л ЕКО АНТИФРИЗ ГОТОВ;5;5;0;21.99;0.00;ЕКСОН ООД
225;112006821;3800205222521;4Л ЕКО АНТИФРИЗ КОНЦЕНТРАТ;2;2;0;32.99;0.00;ЕКСОН ООД
226;112006822;3800205222514;4Л ЕКО ЗИМНА ТЕЧНОСТ ЗА ЧИСТАЧКИ ГОТОВА;6;6;0;16.99;0.00;ЕКСОН ООД
227;112006823;3800205222507;4Л ЕКО ЗИМНА ТЕЧНОСТ ЗА ЧИСТАЧКИ КОНЦЕНТ;5;5;0;21.99;0.00;ЕКСОН ООД
228;112006830;5941194000740;100ГР КРЕКЕРИ КРОКО ШУНКА;11;11;0;0.99;0.00;МУВИО ЛОДЖИСТИКС ЕООД / Бултранспор
229;112006831;5941194000252;100ГР КРЕКЕРИ КРОКО ПИЦА;2;2;0;0.99;0.00;МУВИО ЛОДЖИСТИКС ЕООД / Бултранспор
230;112006832;5941194000191;100ГР КРЕКЕРИ КРОКО СОЛ;12;12;0;0.99;0.00;МУВИО ЛОДЖИСТИКС ЕООД / Бултранспор
231;112006849;4030600027820;Ц-РИ DAVIDOFF SSL MAGENTA;1;0;-1;5.8;-5.80;Табако Трейд Сървисес ЕООД
232;112006908;4011800562229;40ГР КОРНИ САНДВИЧ;39;38;-1;1.49;-1.49;ПАУЪРМАРК ООД
233;112007047;8437000482420;100ГР ЖЕЛИР БОНБОНИ TROLLI БАНАН;4;4;0;2.09;0.00;ПАУЪРМАРК ООД
234;112007049;4003084318807;100ГР ЖЕЛИР БОНБОНИ TROLLI МИШКИ;3;3;0;2.09;0.00;ПАУЪРМАРК ООД
235;112007051;4003084319071;100ГР ЖЕЛИР БОНБОНИ TROLLI ОКТОПОДИ;3;3;0;2.09;0.00;ПАУЪРМАРК ООД
236;112007052;4003084319019;100ГР ЖЕЛИР БОНБОНИ ТРОЛИ НЕОНОВИ ЧЕРВЕИ;4;4;0;2.09;0.00;ПАУЪРМАРК ООД
237;112007053;112007053;КАСА БИРА - 3.00ЛВ;6;0;-6;3;-18.00;МУВИО ЛОДЖИСТИКС ЕООД / Бултранспор
238;112007098;4030600024690;Ц-РИ DAVIDOFF SL WHITE;30;30;0;5.5;0.00;Табако Трейд Сървисес ЕООД
239;112007161;3800123106835;К-КТ 8БР ШЕСТОГРАМИ СГЪВАЕМИ 1.5-6ММ;2;2;0;8.99;0.00;ЕКСОН ООД
240;112007183;3800205222613;1Л -80 ГРАДУСА АНТИФРИЗ ЛОНГ ЛАЙФ;33;32;-1;11.99;-11.99;ЕКСОН ООД
241;112007184;3800205222620;4Л -80 ГРАДУСА АНТИФРИЗ ЛОНГ ЛАЙФ;1;1;0;39.99;0.00;ЕКСОН ООД
242;112007191;5900020008121;23.5ГР ФИТНЕС ШОКОЛАД;16;15;-1;0.99;-0.99;МУВИО ЛОДЖИСТИКС ЕООД / Бултранспор
243;112007204;4003084318982;100ГР ЖЕЛИРАНИ Б-НИ ТРОЛИ ЯГОДА;4;5;1;2.09;2.09;ПАУЪРМАРК ООД
244;112007206;4003084318890;100ГР ЖЕЛИРАНИ Б-НИ ТРОЛИ МЕЧЕТА;5;6;1;2.09;2.09;ПАУЪРМАРК ООД
245;112007207;4000512015031;150ГР ЖЕЛИРАНИ Б-НИ ТРОЛИ БАНАН;3;3;0;4.29;0.00;ПАУЪРМАРК ООД
246;112007214;4011800572518;50ГР КОРНИ ТЪМЕН ШОКОЛАД И БИСКВИТКИ;34;33;-1;1.49;-1.49;ПАУЪРМАРК ООД
247;112007229;5201263006005;10БР Д-СКИ ПРЕВРЪЗКИ EVERY DAY FRESH NOR;4;4;0;3.49;0.00;ИНТЕРФУДС БЪЛГАРИЯ ЕАД
248;112007230;5201263006012;10БР. ДАМСКИ ПРЕВРЪЗКИ EVERY DAY FRE SUP;1;1;0;3.49;0.00;ИНТЕРФУДС БЪЛГАРИЯ ЕАД
249;112007231;5201263006043;10БР. ДАМСКИ ПРЕВРЪЗКИ EVERY DAY FRESHMA;3;3;0;3.49;0.00;ИНТЕРФУДС БЪЛГАРИЯ ЕАД
250;112007256;3800009407254;0.20Л ГРОЗДОВА РАКИЯ ТЪРГОВИЩЕ;18;18;0;4.09;0.00;МЕИК-98 ООД
251;112007257;3800008906222;0.20Л ГРОЗДОВА РАКИЯ КАРНОБАТ;11;11;0;4.09;0.00;МЕИК-98 ООД
252;112007258;3800009406837;0.20Л 37.5ГР ВОДКА БЯЛА МЕЧКА ТЪРГОВИЩЕ;23;22;-1;4.09;-4.09;МЕИК-98 ООД
253;112007259;3800008922413;0.20Л ВОДКА САВОЙ КЛУБ КАРНОБАТ;21;21;0;3.99;0.00;МЕИК-98 ООД
254;112007260;3800008901210;0.20Л УИСКИ САВОЙ КЛУБ КАРНОБАТ;11;10;-1;4.49;-4.49;МЕИК-98 ООД
255;112007304;50088096;25ГР Б-НИ F FRIEND ЧЕРЕША БЕЗ ЗАХАР;5;5;0;1.79;0.00;Орбико България ЕООД
256;112007333;5449000156303;NOT NESTEA ЗЕЛЕН ЧАЙ  ЯГОДА;6;0;-6;1.99;-11.94;КОКА-КОЛА ХБК БЪЛГАРИЯ АД
257;112007342;5202175001096;100ГР NACHO CHIPS НАТУРАЛ;5;6;1;1.89;1.89;АМПЕРЕЛ ООД
258;112007343;5202175001034;100ГР NACHO CHIPS ЧИЛИ;1;0;-1;1.89;-1.89;АМПЕРЕЛ ООД
259;112007344;5202175001454;100ГР NACHO CHIPS СИРЕНЕ;4;4;0;1.89;0.00;АМПЕРЕЛ ООД
260;112007345;5202175001652;100ГР NACHO CHIPS БАРБЕКЮ;2;2;0;1.89;0.00;АМПЕРЕЛ ООД
261;112007361;42182115;12 ЛЕНТИ ДЪВКИ ФАЙВ ЕЛЕКТРО;8;8;0;2.39;0.00;МУВИО ЛОДЖИСТИКС ЕООД / Бултранспор
262;112007390;40329116;ЦИГАРИ CAMEL FILTERS 100;12;12;0;5.4;0.00;Табако Трейд Сървисес ЕООД
263;112007433;3800116400001;60ГР ХРУС ХРУС ОБИКНОВЕНИ;21;19;-2;0.69;-1.38;МУВИО ЛОДЖИСТИКС ЕООД / Бултранспор
264;112007435;3800116400032;150ГР ХРУС ХРУС ОБИКНОВЕНИ;22;21;-1;1.29;-1.29;МУВИО ЛОДЖИСТИКС ЕООД / Бултранспор
265;112007479;3800034955225;АРОМАТИЗАТОР АРЕОН КЕН;3;3;0;5.79;0.00;Ареон България ЕООД
266;112007621;3800020426272;33ГР МУРА CHOCO DREAMS;19;18;-1;0.89;-0.89;МУВИО ЛОДЖИСТИКС ЕООД / Бултранспор
267;112007685;4000512776635;100ГР ЖЕЛИРАНИ БОНБОНИ ТРОЛИ СПАГЕТИ ЯГО;2;4;2;2.09;4.18;ПАУЪРМАРК ООД
268;112007723;3800200451223;110ГР ПЕЧЕН СЛЪНЧОГЛЕД ХУЛИГАН;5;5;0;1.39;0.00;Инкозметикс АД
269;112007806;5449000009500;330МЛ КОКА КОЛА ЧЕРИ ZERO КЕН;2;3;1;1.49;1.49;КОКА-КОЛА ХБК БЪЛГАРИЯ АД
270;112007807;5449000131805;0.330МЛ КОКА КОЛА ZERO-КЕН;19;19;0;1.49;0.00;КОКА-КОЛА ХБК БЪЛГАРИЯ АД
271;112007822;5060166693534;MONSTER ENERGY;12;12;0;2.99;0.00;КОКА-КОЛА ХБК БЪЛГАРИЯ АД
272;112007823;5060166693558;MONSTER ABS ZERO;12;12;0;2.99;0.00;КОКА-КОЛА ХБК БЪЛГАРИЯ АД
273;112007844;4011800542511;50ГР КОРНИ КОКОС;20;20;0;1.49;0.00;ПАУЪРМАРК ООД
274;112007861;3800216752437;Ц-РИ DUNHILL FINE CUT CREAM BRAND CODE;129;129;0;6.2;0.00;Експрес Логистика и Дистрибуция ЕОО
275;112007880;3800216121097;ЦИГАРИ МАРЛБОРО GOLD TOUCH;47;47;0;5.4;0.00;Орбико България ЕООД
276;112007881;3800216121134;ЦИГАРИ МАРЛБОРО FINE TOUCH;39;59;20;5.4;108.00;Орбико България ЕООД
277;112007890;40306452;Ц-РИ DAVIDOFF WHITE;26;26;0;6;0.00;Табако Трейд Сървисес ЕООД
278;112007891;38018190;IP СТЪРГАЛКА ЗА ВИНЕТКИ;4;4;0;3.39;0.00;ИМПАС-56 ООД
279;112007908;3800034958585;АРОМАТИЗАТОР ВЕНТ 7;5;5;0;2.69;0.00;Ареон България ЕООД
280;112007909;3800034958479;АРЕОН КАР АРОМАТИЗАТОРИ НОВА СЕРИЯ;3;3;0;9.39;0.00;Ареон България ЕООД
281;112007917;5301000230004;80ГР КРОАСАН BELINO КАКАОВ КРЕМ;1;0;-1;0.8;-0.80;АМПЕРЕЛ ООД
282;112007957;40329956;ЦИГАРИ МОР РЕД;13;13;0;6.4;0.00;Табако Трейд Сървисес ЕООД
283;112007959;5010175813430;ЦИГАРИ СОБРАНИЕ БЛЕК;11;11;0;6.5;0.00;Табако Трейд Сървисес ЕООД
284;112007960;5010175813454;ЦИГАРИ СОБРАНИЕ БЛУ;7;7;0;6.5;0.00;Табако Трейд Сървисес ЕООД
285;112007961;5010175813478;ЦИГАРИ СОБРАНИЕ ГОЛД;31;31;0;6.5;0.00;Табако Трейд Сървисес ЕООД
286;112007963;40331614;ЦИГАРИ КЕМЪЛ СЪБТЪЛ ФЛЕЙВЪР 100 ММ;10;10;0;5.4;0.00;Табако Трейд Сървисес ЕООД
287;112008083;3800216121271;ЦИГАРИ L&M 100 RED;46;46;0;5.2;0.00;Орбико България ЕООД
288;112008084;3800216121295;ЦИГАРИ L&M 100 BLUE;55;55;0;5.2;0.00;Орбико България ЕООД
289;112008147;40306810;Ц-РИ DAVIDOFF SILVER;10;10;0;6;0.00;Табако Трейд Сървисес ЕООД
290;112008149;5201360501700;110 ГР. КРОАСАН 7 DAYS ДАБЪЛ ВАНИЛИЯ И К;5;2;-3;1.29;-3.87;МУВИО ЛОДЖИСТИКС ЕООД / Бултранспор
291;112008150;5201360533527;110 ГР. КРОАСАН 7 DAYS ДАБЪЛ ВАНИЛИЯ И В;5;12;7;1.29;9.03;МУВИО ЛОДЖИСТИКС ЕООД / Бултранспор
292;112008202;3800020601020;NOT 1Л ФЛОРИНА ПОРТОКАЛ 100%;2;0;-2;3.99;-7.98;МУВИО ЛОДЖИСТИКС ЕООД / Бултранспор
293;112008205;3800020601068;NOT 1Л ФЛОРИНА ЯБЪЛКА 100%;1;0;-1;3.09;-3.09;МУВИО ЛОДЖИСТИКС ЕООД / Бултранспор
294;112008223;5942039000970;0.20Л ВОДКА ДИСКАВЪРИ;16;17;1;3.59;3.59;МЕИК-98 ООД
295;112008250;3800034959537;АРОМАТИЗАТОР AREON CAR REFILL GOLD SILVE;3;3;0;5.89;0.00;Ареон България ЕООД
296;112008452;7613033204975;41.5ГР КИТ КАТ  4 FINGER;24;24;0;1.39;0.00;МУВИО ЛОДЖИСТИКС ЕООД / Бултранспор
297;112008527;3800034958554;150МЛ АРЕОН ПАРФЮМ ЗА ДОМА;8;13;5;11.39;56.95;Ареон България ЕООД
298;112008584;3800216121424;ЦИГАРИ МАРЛБОРО 100 ЧЕРВЕНО;36;36;0;5.8;0.00;Орбико България ЕООД
299;112008608;40331423;ЦИГАРИ УИНСТЪН БЛУ 100 ММ;44;44;0;5.2;0.00;Табако Трейд Сървисес ЕООД
300;112008623;3800216121400;ЦИГАРИ МАРЛБОРО 100 GOLD;26;26;0;5.8;0.00;Орбико България ЕООД
301;112008632;5201360532506;150 ГР. КРОАСАН SUPER DOUBLE ВАНИЛИЯ И В;10;12;2;2.09;4.18;МУВИО ЛОДЖИСТИКС ЕООД / Бултранспор
302;112008633;5201360531172;150 ГР. КРОАСАН SUPER MAXX С КАКАОВ ПЪЛН;-2;0;2;2.09;4.18;МУВИО ЛОДЖИСТИКС ЕООД / Бултранспор
303;112008639;4030600061923;NOT ЦИГАРИ DAVIDOFF RESHAPE BLACK;10;10;0;5.2;0.00;МУВИО ЛОДЖИСТИКС ЕООД / Бултранспор
304;112008640;4030600061954;NOT ЦИГАРИ DAVIDOFF SHAPE WHITE;1;1;0;5.2;0.00;МУВИО ЛОДЖИСТИКС ЕООД / Бултранспор
305;112008676;8000300299984;150ГР СЛАДОЛЕД МАГНУМ САНДВИЧ;12;12;0;2.49;0.00;Фронери България ЕООД
306;112008694;42188889;12 ЛЕНТИ ДЪВКИ ФАЙВ ТУРБУЛЕНС ДИНЯ;8;8;0;2.39;0.00;МУВИО ЛОДЖИСТИКС ЕООД / Бултранспор
307;112008731;112008731;ЛАВАЦА ТАБЛЕТА ДОЛЧЕ;-3;0;3;1.79;5.37;Еко България ЕАД
308;112008783;112008783;КАРТА ЕКО МАСЛА;35;0;-35;1;-35.00;МАКСКАРТ ООД
309;112008836;5410041435702;100ГР БИСКВИТИ ТУК СОЛ;-2;0;2;1.99;3.98;МУВИО ЛОДЖИСТИКС ЕООД / Бултранспор
310;112008838;5410041435900;100ГР БИСКВИТИ ТУК ПАПРИКА;2;0;-2;1.99;-3.98;МУВИО ЛОДЖИСТИКС ЕООД / Бултранспор
311;112008862;52018121;КАРЕЛИЯ OME СУПЕР СЛИМС БЯЛ;21;21;0;5.2;0.00;Болкан Едвъртайзинг Енд Дистрибюшън
312;112008901;52018176;КАРЕЛИЯ YELLOW 100S;13;13;0;5;0.00;Болкан Едвъртайзинг Енд Дистрибюшън
313;112008924;9002975726481;БОНБОНИ ХАРИБО СТАРМИКС;1;1;0;1.89;0.00;ИНКОФУДС ООД
314;112008979;5449000147042;0.33Л КАПИ PULPY ПОРТОКАЛ;7;5;-2;1.89;-3.78;КОКА-КОЛА ХБК БЪЛГАРИЯ АД
315;112008992;3800216121608;ЦИГАРИ PARLIAMENT  100 AQUA BLUE;19;19;0;6.5;0.00;Орбико България ЕООД
316;112009018;3800148400505;"ВЕРИГИ ЗА СНЯГ 50 ""МЕЧА СТЪПКА""";1;1;0;41.99;0.00;Ес и Кей ЕООД
317;112009019;3800148400604;"ВЕРИГИ ЗА СНЯГ 60 ""МЕЧА СТЪПКА""";1;1;0;41.99;0.00;Ес и Кей ЕООД
318;112009020;3800148400703;"ВЕРИГИ ЗА СНЯГ 70 ""МЕЧА СТЪПКА""";2;2;0;41.99;0.00;Ес и Кей ЕООД
319;112009021;3800148400802;"ВЕРИГИ ЗА СНЯГ 80 ""МЕЧА СТЪПКА""";2;2;0;41.99;0.00;Ес и Кей ЕООД
320;112009022;3800148400901;"ВЕРИГИ ЗА СНЯГ 90 ""МЕЧА СТЪПКА""";2;2;0;41.99;0.00;Ес и Кей ЕООД
321;112009023;3800148401007;"ВЕРИГИ ЗА СНЯГ 100 ""МЕЧА СТЪПКА""";1;1;0;41.99;0.00;Ес и Кей ЕООД
322;112009037;3800034960458;85МЛ АРЕОН ПАРФЮМ ЗА ДОМА;6;11;5;8.29;41.45;Ареон България ЕООД
323;112009086;5301000230417;80ГР КРОАСАН BELINO КАКАОВ КРЕМ И МИЛФЕЙ;1;0;-1;0.8;-0.80;АМПЕРЕЛ ООД
324;112009106;3800216753069;ЦИГАРИ ROTHMANS 100 DARK BLUE;4;4;0;5.2;0.00;Експрес Логистика и Дистрибуция ЕОО
325;112009107;3800216753076;ЦИГАРИ ROTHMANS 100 SKY BLUE;38;38;0;5.2;0.00;Експрес Логистика и Дистрибуция ЕОО
326;112009139;3800216120151;ЦИГАРИ MARLBORO ЧЕРВЕНО;41;41;0;5.7;0.00;Орбико България ЕООД
327;112009141;46097842;ЦИГАРИ СОБРАНИЕ СУПЕР ЛАЙН УАЙТ;11;11;0;6.5;0.00;Табако Трейд Сървисес ЕООД
328;112009161;3800205871255;70ГР БРУСКЕТИ МАРЕТИ ПИЦА;9;8;-1;1.39;-1.39;МУВИО ЛОДЖИСТИКС ЕООД / Бултранспор
329;112009173;3800216121714;Ц-РИ L&M SILVER PRINTED FOIL;14;14;0;5.2;0.00;Орбико България ЕООД
330;112009181;112009181;ТОРБИЧКА ЕКО;-26;0;26;0.1;2.60;ЕКСОН ООД
331;112009183;5038483866047;3БР DUREX FETHERLITE ULTIMA/FEEL ULTRA;1;1;0;5.99;0.00;Аксон България АД
332;112009204;5449000131836;0.5Л КОКА КОЛА ZERO-PET;6;0;-6;1.59;-9.54;КОКА-КОЛА ХБК БЪЛГАРИЯ АД
333;112009228;40329222;ЦИГАРИ УИНСТЪН КЛАСИК 100 ММ;58;58;0;5.2;0.00;Табако Трейд Сървисес ЕООД
334;112009229;3800061600037;30ГР ВАФЛА ТРОЯ - БОКС;46;45;-1;0.69;-0.69;МУВИО ЛОДЖИСТИКС ЕООД / Бултранспор
335;112009246;3800061602550;55ГР ВАФЛИ ХИПЕР ВАНИЛИЯ;66;57;-9;0.89;-8.01;МУВИО ЛОДЖИСТИКС ЕООД / Бултранспор
336;112009247;3800061603328;55ГР ВАФЛИ ХИПЕР ЛЕШНИК;19;29;10;0.89;8.90;МУВИО ЛОДЖИСТИКС ЕООД / Бултранспор
337;112009266;790920125548;ЕО-414ДОБ ЗА СПИРАНЕ НА ТЕЧА НАДВИГМАСЛО;4;4;0;9.69;0.00;ЕКСОН ООД
338;112009267;790920015252;OB-506ДОБЗАПОВИШОКТАНОВОТОЧИСЛОНАБЕНЗИНА;2;2;0;7.59;0.00;ЕКСОН ООД
339;112009269;790920019212;SL-624ТЕЧНОСТЗАСПИРАНЕТЕЧОВЕОХЛСИСТЕМА;5;5;0;5.39;0.00;ЕКСОН ООД
340;112009405;3800200450455;70Г ЗИГИ МАРИНОВАНИ ФЪСТЪЦИ ГОРЧИЦА;4;4;0;1.39;0.00;Инкозметикс АД
341;112009406;3800200450431;70Г ЗИГИ МАРИНОВАНИ ФЪСТЪЦИ ТЕРИЯКИ;1;1;0;1.39;0.00;Инкозметикс АД
342;112009412;5941000016682;155ГР. РАФЪЛС КЕТЧУП;6;6;0;3.39;0.00;Виста АВТ АД
343;112009445;52017629;ЦИГАРИ OME ГРИЙН;14;14;0;5.2;0.00;Болкан Едвъртайзинг Енд Дистрибюшън
344;112009456;5052197017236;3БР DUREX PLEASURE;15;15;0;6.99;0.00;Аксон България АД
345;112009514;3800200450042;70Г ЗИГИ МАРИНОВАНИ ФЪСТЪЦИ - КЕТЧУП;3;3;0;1.39;0.00;Инкозметикс АД
346;112009555;5998711388935;100Г БИСКВИТИ ТУК ЛУК И СМЕТАНА;2;2;0;1.99;0.00;МУВИО ЛОДЖИСТИКС ЕООД / Бултранспор
347;112009633;3800216753106;Ц-РИ ROTHMANS 100 SWITCH;18;18;0;5.4;0.00;Експрес Логистика и Дистрибуция ЕОО
348;112009634;3800216752642;Ц-РИ ROTHMANS KS SKY BLUE;22;22;0;5.2;0.00;Експрес Логистика и Дистрибуция ЕОО
349;112009649;3276425755352;ЧИСТАЧКИ VALEO FIRST - ФРАНЦИЯ 35 СМ;8;8;0;9.99;0.00;Ес и Кей ЕООД
350;112009650;3276425755383;ЧИСТАЧКИ VALEO FIRST - ФРАНЦИЯ 38 СМ;10;10;0;9.99;0.00;Ес и Кей ЕООД
351;112009651;3276425755406;ЧИСТАЧКИ VALEO FIRST - ФРАНЦИЯ 40 СМ;8;8;0;9.99;0.00;Ес и Кей ЕООД
352;112009652;3276425755451;ЧИСТАЧКИ VALEO FIRST - ФРАНЦИЯ 45 СМ;4;4;0;9.99;0.00;Ес и Кей ЕООД
353;112009653;3276425755482;ЧИСТАЧКИ VALEO FIRST - ФРАНЦИЯ 48 СМ;8;8;0;9.99;0.00;Ес и Кей ЕООД
354;112009654;3276425755505;ЧИСТАЧКИ VALEO FIRST - ФРАНЦИЯ 51 СМ;6;6;0;9.99;0.00;Ес и Кей ЕООД
355;112009655;3276425755536;ЧИСТАЧКИ VALEO FIRST - ФРАНЦИЯ 53 СМ;5;5;0;9.99;0.00;Ес и Кей ЕООД
356;112009656;3276425755550;ЧИСТАЧКИ VALEO FIRST - ФРАНЦИЯ 55 СМ;5;5;0;9.99;0.00;Ес и Кей ЕООД
357;112009682;4011100038653;85ГР БАУНТИ ТРИО;27;27;0;1.89;0.00;МУВИО ЛОДЖИСТИКС ЕООД / Бултранспор
358;112009687;3800216753113;Ц-РИ ROTHMANS SS BLUE;7;7;0;5.2;0.00;Експрес Логистика и Дистрибуция ЕОО
359;112009688;3800216753120;Ц-РИ ROTHMANS SS SILVER;31;31;0;5.2;0.00;Експрес Логистика и Дистрибуция ЕОО
360;112009701;4004649681855;500МЛ QUIXY РАЗМРАЗИТЕЛ СТЪКЛА;1;1;0;10.19;0.00;СЕНАКС ООД
361;112009703;4004649068175;75МЛ QUIXY ВАКСА ГУМЕНИ УПЛЪТНЕНИЯ;2;2;0;7.79;0.00;СЕНАКС ООД
362;112009770;3800001120007;NOT VICTORY BLUE;16;16;0;5.4;0.00;Експрес Логистика и Дистрибуция ЕОО
363;112009771;3800001120014;NOT VICTORY GOLD;25;25;0;5.4;0.00;Експрес Логистика и Дистрибуция ЕОО
364;112009773;3800001120038;NOT VICTORY SKY;22;22;0;5.4;0.00;Експрес Логистика и Дистрибуция ЕОО
365;112009781;4052899017177;NOT OSRAM 64193 NB UNLIMITED H4;5;5;0;18.49;0.00;АМПЕРЕЛ ООД
366;112009782;4052899017047;NOT OSRAM 64210 NB UNLIMITED H7;1;1;0;21.99;0.00;АМПЕРЕЛ ООД
367;112009801;112009801;КАРТА EKONOMY;44;0;-44;2.5;-110.00;МАКСКАРТ ООД
368;112009844;4004649682319;30МЛ QUIXY РАЗМРАЗИТЕЛ ЗА КЛЮЧАЛКИ;4;4;0;4.39;0.00;СЕНАКС ООД
369;112009865;3800034953979;АРЕОН ГЕЛ КЕН ДИЗАИЪР;1;1;0;7.39;0.00;Ареон България ЕООД
370;112009868;3800034953917;АРЕОН ГЕЛ КЕН ДРИЙМ;1;1;0;7.39;0.00;Ареон България ЕООД
371;112009889;4011800562823;40ГР CORNY САНДВИЧ DARK&WHITE;54;67;13;1.49;19.37;ПАУЪРМАРК ООД
372;112010002;5449000204912;0.500Л ФАНТА БЯЛА ПРАСКОВА;15;15;0;1.59;0.00;КОКА-КОЛА ХБК БЪЛГАРИЯ АД
373;112010024;9008700121965;0.5Л СОК БРАВО ЗЕЛЕНА ЯБЪЛКА;7;7;0;1.99;0.00;Инкозметикс АД
374;112010038;3838952020435;1БР НОСНИ КЪРПИ PALOMA SENSITIVE ЛАВАНДУ;43;43;0;0.59;0.00;ИНТЕРФУДС БЪЛГАРИЯ ЕАД
375;112010050;9008700163118;0.25Л RAUCH АЙС КАФЕ ИНТЕНЗО;11;11;0;3.29;0.00;ИНКОФУДС ООД
376;112010167;46141538;10БР ОРБИТ УАЙТ БАБЪЛМИНТ ДРАЖЕТA;37;37;0;1.09;0.00;МУВИО ЛОДЖИСТИКС ЕООД / Бултранспор
377;112010202;5205350021988;2Л ЕКО ЛЯТНА ТЕЧНОСТ ЗА ЧИСТАЧКИ-ГОТОВА;14;14;0;4.99;0.00;EKO-ELDA ABEE BLOCKED
378;112010240;3800022701032;0.5Л ПИРИНСКО СВЕТЛО КЕН;2;0;-2;1.89;-3.78;МУВИО ЛОДЖИСТИКС ЕООД / Бултранспор
379;112010265;8690520019907;0.5Л БИРА ЕФЕС КЕН;8;8;0;2.09;0.00;МУВИО ЛОДЖИСТИКС ЕООД / Бултранспор
380;112010299;3800061604264;35ГР ВАФЛА СПОКО- ФЪСТЪЦИ;8;8;0;0.69;0.00;МУВИО ЛОДЖИСТИКС ЕООД / Бултранспор
381;112010388;4047376253773;ЧИСТАЧКА ВЮРТ-425ММ;1;1;0;10.99;0.00;ВЮРТ-БЪЛГАРИЯ ЕООД
382;112010434;3800205222934;1Л ЗИМНА ТЕЧНОСТ КОНЦЕНТРАТ 60С НОВ;32;32;0;6.99;0.00;ЕКСОН ООД
383;112010521;3800205873358;NOT 70ГР БРУСКЕТИ САЛАМИ ПИПЕРОНИ;14;13;-1;1.39;-1.39;МУВИО ЛОДЖИСТИКС ЕООД / Бултранспор
384;112010587;5204739603852;155Г СЛАДОЛЕД MAGNUM OVER CHOCOLATE CONE;6;6;0;3.39;0.00;Фронери България ЕООД
385;112010588;5204739603845;155Г СЛАДОЛЕД MAGNUM OVER VANILLA CONE;9;9;0;3.39;0.00;Фронери България ЕООД
386;112010608;3800048188459;100ГР НЪТЛАЙН ЧИПИ БАДЕМ;1;0;-1;6.49;-6.49;МУВИО ЛОДЖИСТИКС ЕООД / Бултранспор
387;112010617;5900020024978;23.5ГР ФИТНЕС БИСКВИТКА И КРЕМ;15;17;2;0.99;1.98;МУВИО ЛОДЖИСТИКС ЕООД / Бултранспор
388;112010640;3800034951401;МОКРИ КЪРПИ ЗА МЪЖЕ;11;10;-1;1.09;-1.09;Ареон България ЕООД
389;112010641;3800034953566;МОКРИ КЪРПИ ЗА РЪЦЕ;7;7;0;1.09;0.00;Ареон България ЕООД
390;112010645;3800034954143;МОКРИ КЪРПИ ЗА ДЕЦА;5;5;0;1.09;0.00;Ареон България ЕООД
391;112010652;3800148415547;ПАЯК ЗА БАГАЖНИК С 4 НАКРАЙНИКА;3;3;0;3.99;0.00;Ес и Кей ЕООД
392;112010653;3800148415554;ПАЯК ЗА БАГАЖНИК 8 НАКРАЙНИКА BS 4X80CM;1;1;0;5.99;0.00;Ес и Кей ЕООД
393;112010657;3808650043401;ГЮДЕРИЯ  30*40СМ;1;1;0;7.99;0.00;Ес и Кей ЕООД
394;112010663;3800034965217;МОКРИ КЪРПИ ЗА АВТОМОБИЛ - КОЖА;2;2;0;4.19;0.00;Ареон България ЕООД
395;112010664;3800034965200;МОКРИ КЪРПИ ЗА АВТОМОБИЛ - ТАБЛО;1;1;0;4.19;0.00;Ареон България ЕООД
396;112010665;3800034965194;МОКРИ КЪРПИ ЗА АВТОМОБИЛ - СТЪКЛО;4;4;0;4.19;0.00;Ареон България ЕООД
397;112010728;4033100062650;ЦИГАРИ УИНСТЪН XS ПЛЮС БЛУ;10;21;11;5.2;57.20;Табако Трейд Сървисес ЕООД
398;112010729;4033100062629;ЦИГАРИ УИНСТЪН XS ПЛЮС СИЛВЪР;11;21;10;5.2;52.00;Табако Трейд Сървисес ЕООД
399;112010735;112010735;20ГР КИНДЕР СЮРПРИЗ LEI T1Х36  ПРОМО;0;36;36;2.09;75.24;Орно АД
400;112010768;3800034964548;АРЕОН ГЕЛ КОНСЕРВА- ДЪВКА;1;1;0;7.39;0.00;Ареон България ЕООД
401;112010776;8436036180638;100ГР ТРОЛИ БЛОБ;1;3;2;2.09;4.18;ПАУЪРМАРК ООД
402;112010777;8437000482109;100ГР ТРОЛИ КАТЕРПИЛАР;4;4;0;2.09;0.00;ПАУЪРМАРК ООД
403;112010783;506033563406;553МЛ MONSTER MEGA- ENERGY;14;14;0;3.29;0.00;КОКА-КОЛА ХБК БЪЛГАРИЯ АД
404;112010785;3800034966146;АРОМАТИЗАТОР МОН ВАНИЛИЯ МИА;9;9;0;1.29;0.00;Ареон България ЕООД
405;112010849;5201263007118;NOT 15БР ВЛАЖНИ КЪРПИЧКИWETHANKIES-ОКЕАН;2;2;0;1.49;0.00;ИНТЕРФУДС БЪЛГАРИЯ ЕАД
406;112010850;5201263007125;NOT 15БР ВЛАЖНИ КЪРПИЧКИWETHANKIESПРОЛЕТ;26;26;0;1.49;0.00;ИНТЕРФУДС БЪЛГАРИЯ ЕАД
407;112010861;5020144800880;200МЛ STP-ДОБАВКА ЗА ПОЧ. НА ФИЛТ ТВ. ЧА;3;3;0;13.99;0.00;ИМПАС-56 ООД
408;112010862;5020144800415;200МЛSTP-ДОБ.ЗА ДИЗЕЛ НАМАЛЯВАНЕ ДИМА;5;5;0;11.99;0.00;ИМПАС-56 ООД
409;112010910;3800085122706;ВЛАЖНИ КЪРПИЧКИ EVENT FRUTTI-ЯБЪЛКА;1;1;0;1.39;0.00;Аксон България АД
410;112010912;3800085122690;ВЛАЖНИ КЪРПИЧКИ EVENT FRUTTI-ПЪПЕШ И КИВ;3;3;0;1.39;0.00;Аксон България АД
411;112010981;9770861989127;В. МЕРИДИАН МАЧ - ИЗВЪНРЕДЕН;10;26;16;1;16.00;Експрес Логистика и Дистрибуция ЕОО
412;112010983;4033100058394;ЦИГАРИ СОБРАНИЕ REFINE BLACK;16;16;0;6;0.00;Табако Трейд Сървисес ЕООД
413;112010984;4033100058424;ЦИГАРИ СОБРАНИЕ REFINE CHROME;32;23;-9;6;-54.00;Табако Трейд Сървисес ЕООД
414;112010985;4033100058455;ЦИГАРИ СОБРАНИЕ REFINE WHITE;19;10;-9;6;-54.00;Табако Трейд Сървисес ЕООД
415;112010990;3800216753182;Ц-РИ РОТМАНС СИЛВЪР 100;8;8;0;5.2;0.00;Експрес Логистика и Дистрибуция ЕОО
416;112010991;4009900412865;46БР ОРБИТ УАЙТ БУТИЛКА ФРЕШМИНТ;8;8;0;4.09;0.00;МУВИО ЛОДЖИСТИКС ЕООД / Бултранспор
417;112010998;3800200450691;62ГР КАРУЗО КРЕМ ПИТА- КАКАО;8;8;0;1.19;0.00;Инкозметикс АД
418;112010999;3800200450707;62ГР КАРУЗО КРЕМ ПИТА- ЧИЙЗКЕЙК ЧЕРЕША;3;3;0;1.19;0.00;Инкозметикс АД
419;112011008;9770861406013;ВК.24 ЧАСА - СЪБОТА;17;47;30;1;30.00;Експрес Логистика и Дистрибуция ЕОО
420;112011011;9771310766009;СП.9 МЕСЕЦА;1;1;0;3.95;0.00;Експрес Логистика и Дистрибуция ЕОО
421;112011026;9771312354341;СП.COSMOPOLITANКНИГА;1;0;-1;4.99;-4.99;Експрес Логистика и Дистрибуция ЕОО
422;112011029;9771312656032;СП.ELLE;1;1;0;5.99;0.00;Експрес Логистика и Дистрибуция ЕОО
423;112011059;9771313420113;СП.NATIONAL GEO KIDS;1;1;0;2.95;0.00;Експрес Логистика и Дистрибуция ЕОО
424;112011081;9771312708007;СП.АУТОМОТОРСПОРТ;1;1;0;4.95;0.00;Експрес Логистика и Дистрибуция ЕОО
425;112011097;9771314450003;СП.ДИВИНО;1;1;0;10;0.00;Експрес Логистика и Дистрибуция ЕОО
426;112011099;9771311303111;СП. ЕВА;2;2;0;7;0.00;Експрес Логистика и Дистрибуция ЕОО
427;112011107;9771314680004;ВК.ЖЪЛТ ТРУД;-1;0;1;1;1.00;Експрес Логистика и Дистрибуция ЕОО
428;112011108;9789549612141;СП.ЗАЙКО БАЙКО;1;1;0;2.9;0.00;Експрес Логистика и Дистрибуция ЕОО
429;112011114;9771311831003;СП.КАМИОНИ;1;1;0;5.95;0.00;Експрес Логистика и Дистрибуция ЕОО
430;112011118;9771312894908;СП. КЕНГУРУ-ПРОМОЦИЯ;1;0;-1;0.99;-0.99;Експрес Логистика и Дистрибуция ЕОО
431;112011123;9772367476002;СП.КЛУБ Z;1;1;0;8;0.00;Експрес Логистика и Дистрибуция ЕОО
432;112011134;9771311213229;СП.МЕНИДЖЪР-НОВ;1;0;-1;6;-6.00;Експрес Логистика и Дистрибуция ЕОО
433;112011146;9771311969010;ВК.МОНИТОР-ПЕТ,СЪБОТ;5;13;8;1;8.00;Експрес Логистика и Дистрибуция ЕОО
434;112011170;9771310549008;СП.СКАНДИДИОМИКСРАЙ;1;1;0;0.8;0.00;Експрес Логистика и Дистрибуция ЕОО
435;112011171;9771310549015;СП.СКАНДИДИОМИКСФЕН;1;1;0;0.8;0.00;Експрес Логистика и Дистрибуция ЕОО
436;112011172;9771310549077;СП.СКАНДИДИОМИКСЧАР;2;1;-1;0.8;-0.80;Експрес Логистика и Дистрибуция ЕОО
437;112011173;9771310549022;СП.СКАНДИДИОМИКСШИК;2;2;0;0.8;0.00;Експрес Логистика и Дистрибуция ЕОО
438;112011174;9771310427030;СП.СКАНДИДИО2.00ЕКУС;1;1;0;2;0.00;Експрес Логистика и Дистрибуция ЕОО
439;112011175;9771313710016;СП.СКАНДИДИО3.00М.Ф.;1;1;0;3;0.00;Експрес Логистика и Дистрибуция ЕОО
440;112011184;9771310549053;СП.СУДОКУДИОЦИФРЕБУС;4;2;-2;0.8;-1.60;Експрес Логистика и Дистрибуция ЕОО
441;112011191;9771314530422;ТЕЛЕГРАФ 1 ЛВ;36;105;69;1;69.00;Експрес Логистика и Дистрибуция ЕОО
442;112011192;9771312627001;ВК.ТЕМА СПОРТ;0;10;10;1;10.00;Експрес Логистика и Дистрибуция ЕОО
443;112011199;9771313771024;ВК.ТРУД СЪБОТА;14;33;19;1;19.00;Експрес Логистика и Дистрибуция ЕОО
444;112011216;5018704350111;NOT 300МЛ STP-ДОБАВКА ЗА МАСЛО-БЕНЗИН;5;5;0;10.99;0.00;ИМПАС-56 ООД
445;112011217;5018704352115;NOT 300МЛ STP-ДОБАВКА ЗА МАСЛО-ДИЗЕЛ;5;5;0;10.99;0.00;ИМПАС-56 ООД
446;112011252;9770861136064;ВК.168 ЧАСА (В);2;4;2;1.5;3.00;Експрес Логистика и Дистрибуция ЕОО
447;112011257;9772367772401;СП. НГЛИЙСКА ВИСША ЛИГА - ТРАНСФЕРИ;1;0;-1;4.98;-4.98;Експрес Логистика и Дистрибуция ЕОО
448;112011296;4030600111581;Ц-РИ DAVIDOFF SL SILVER;26;26;0;5.5;0.00;Табако Трейд Сървисес ЕООД
449;112011380;80757238;34ГР ГОЛИА АКТИВ-ЕКСТРА СТРОНГ;45;45;0;1.39;0.00;ИНТЕРФУДС БЪЛГАРИЯ ЕАД
450;112011381;80712749;34ГР ГОЛИА АКТИВ-ЕКСТРА ПЛЮС;28;28;0;1.39;0.00;ИНТЕРФУДС БЪЛГАРИЯ ЕАД
451;112011382;80687108;34ГР ГОЛИА ФРУТ С ВИТАМИН;24;24;0;1.39;0.00;ИНТЕРФУДС БЪЛГАРИЯ ЕАД
452;112011391;5020144800552;200МЛSTP ЗИМНА ДОБАВКА ЗА ДИЗЕЛ АНТИ-ГЕЛ;2;2;0;13.99;0.00;ИМПАС-56 ООД
453;112011392;5020144800200;300МЛ STP ДОБАВКА ЗА ПОЧИСТВАНЕ НА ОХЛАД;2;2;0;12.99;0.00;ИМПАС-56 ООД
454;112011393;5020144800217;300МЛ STP СПИРАНЕ НА ТЕЧ НА ПО ОХЛАД. СИ;3;3;0;12.99;0.00;ИМПАС-56 ООД
455;112011394;5020144500834;NOT 300МЛ STP-СПИРАНЕ ТЕЧ НА ДВИГАТЕЛНО;4;4;0;15.99;0.00;ИМПАС-56 ООД
456;112011402;7613035306929;60ГР НЕСТЛЕ ЛАЙЪН 2 PACK;-20;42;62;1.29;79.98;МУВИО ЛОДЖИСТИКС ЕООД / Бултранспор
457;112011423;9770861406525;В. 24ЧАСА СПЕЦИАЛНО ИЗДАНИЕ КОЛЕДА;4;10;6;1.5;9.00;Експрес Логистика и Дистрибуция ЕОО
458;112011445;112011445;1L ДОБАВКА ORGANICA;100;0;-100;20.4;-2040.00;ЕКСОН ООД
459;112011492;5204739611871;93ГР. МАГНУМ ВАНИЛИЯ КОНУС;15;15;0;2.49;0.00;Фронери България ЕООД
460;112011496;3800216121851;Ц-РИ PARLIAMENT 100 СУПЕР СЛИМ;13;13;0;6.5;0.00;Орбико България ЕООД
461;112011541;3800216121776;ЦИГАРИ MARLBORO TOUCH XL;31;30;-1;5.4;-5.40;Орбико България ЕООД
462;112011542;3800216121790;ЦИГАРИ MARLBORO FINE TOUCH XL;67;46;-21;5.4;-113.40;Орбико България ЕООД
463;112011550;3800500091327;500МЛ QUIXYСПРЕЙ ЗА ПОЧИСТВАНЕ НА ДЖАНТИ;2;2;0;11.99;0.00;СЕНАКС ООД
464;112011552;3800500091303;500МЛ QUIXYСПРЕЙ ЗА ПОЧИСТВАНЕ НА ИН;4;4;0;10.99;0.00;СЕНАКС ООД
465;112011553;3800500091310;500МЛ QUIXYСПРЕЙ ЗА ПРЕМАХВАНЕ НА МИ;1;1;0;12.49;0.00;СЕНАКС ООД
466;112011559;5060337500135;500МЛ MONSTER-ULTRA ZERO;16;14;-2;2.99;-5.98;КОКА-КОЛА ХБК БЪЛГАРИЯ АД
467;112011607;3800034967464;АРЕОН ПЕРЛЕНА ТОРБИЧКА;34;34;0;3.19;0.00;Ареон България ЕООД
468;112011620;9771312289025;СП. ТВОЯТА ВАКАНЦИЯ;1;0;-1;7;-7.00;Експрес Логистика и Дистрибуция ЕОО
469;112011622;8593893007468;25Г ЗЪРНЕН ДЕСЕРТ CHOCAPIC;23;23;0;0.99;0.00;МУВИО ЛОДЖИСТИКС ЕООД / Бултранспор
470;112011628;3800221967765;NOT Ц-РИ MERILYN PLUS BLUE 100;4;4;0;5.1;0.00;Експрес Логистика и Дистрибуция ЕОО
471;112011680;5941000022638;90Г СТАР СНАКС MIX RED CHEESY;1;0;-1;1.69;-1.69;Виста АВТ АД
472;112011687;9772367810011;СП. THE EXPLORER;1;1;0;4.95;0.00;Експрес Логистика и Дистрибуция ЕОО
473;112011711;3800020485705;МУРА BLACK&WHITE;14;14;0;0.59;0.00;МУВИО ЛОДЖИСТИКС ЕООД / Бултранспор
474;112011731;9771313100138;СП. OK+CD 5.95;1;0;-1;5.95;-5.95;Експрес Логистика и Дистрибуция ЕОО
475;112011732;9770123567223;СП. ДНЕВНИК НА БРЕМЕНОСТТА 3.99;1;0;-1;3.99;-3.99;Експрес Логистика и Дистрибуция ЕОО
476;112011741;9771312357113;СП. МАГАЗИН 5.90;1;1;0;6.9;0.00;Експрес Логистика и Дистрибуция ЕОО
477;112011763;5201263016738;15БР. SCHOOL HANKIES ВЛАЖНИ КЪРПИЧКИ;13;13;0;1.49;0.00;ИНТЕРФУДС БЪЛГАРИЯ ЕАД
478;112011769;4011800612610;50ГР КОРНИ БИГ БРАУНИ;32;33;1;1.49;1.49;ПАУЪРМАРК ООД
479;112011786;52018268;30ГР ТЮТЮН ДЖОРДЖ КАРЕЛИЯ И СОНС;5;5;0;7.5;0.00;Болкан Едвъртайзинг Енд Дистрибюшън
480;112011787;52018275;30ГР ТЮТЮН ДЖОРДЖ КАРЕЛИЯ И СОНС СМУТЪР;5;5;0;7.5;0.00;Болкан Едвъртайзинг Енд Дистрибюшън
481;112011826;52019654;ЦИГАРИ КАРЕЛИЯ RED 100'S;10;10;0;5;0.00;Болкан Едвъртайзинг Енд Дистрибюшън
482;112011827;3800216121875;ЦИГАРИ MARLBORO PRIME TOUCH XL;15;10;-5;5.2;-26.00;Орбико България ЕООД
483;112011904;5060337504102;NOT MONSTER ULTRA RED;4;4;0;2.99;0.00;КОКА-КОЛА ХБК БЪЛГАРИЯ АД
484;112011909;3800034967419;АРОМАТИЗАТОР МОН АРЕОН СУХ ВАНИЛА БЛЯК;3;3;0;1.29;0.00;Ареон България ЕООД
485;112011914;9772534891003;СП. СПРИНТ;-1;0;1;4.99;4.99;Експрес Логистика и Дистрибуция ЕОО
486;112011932;59472186;ЦИГАРИ DUNHIL ESSENCE GREY;39;39;0;5.7;0.00;Експрес Логистика и Дистрибуция ЕОО
487;112011933;59472193;ЦИГАРИ DUNHIL ESSENCE CHAMPAGNE;44;44;0;5.7;0.00;Експрес Логистика и Дистрибуция ЕОО
488;112011961;3800054977016;CARE-АВАРИЙНА ЖИЛЕТКА;7;7;0;5.49;0.00;ИМПАС-56 ООД
489;112011966;8711252007069;5Л ТУБА ЗА ГОРИВО;3;0;-3;10.99;-32.97;ИМПАС-56 ООД
490;112011967;8711252006079;10Л ТУБА ЗА ГОРИВО;3;3;0;15.79;0.00;ИМПАС-56 ООД
491;112011971;8000692654651;ПЕПЕЛНИК ЗА АВТОМОБИЛ;3;3;0;6.99;0.00;ИМПАС-56 ООД
492;112011973;8711252200231;CARE-УНИВЕРСАЛНА ФУНИЯ ЗА ГОРИВО;5;5;0;1.99;0.00;ИМПАС-56 ООД
493;112011997;3800123133497;GADGET-РЪКАВИЦИ;5;4;-1;2.99;-2.99;ИМПАС-56 ООД
494;112012004;5020144858577;200МЛ STP Д-КА КЪМ БЕНЗИНА ЗА АВТ. С ГАЗ;3;3;0;15.99;0.00;ИМПАС-56 ООД
495;112012014;9771314680011;В. ЖЪЛТ ТРУД 1.50;2;0;-2;1.5;-3.00;Експрес Логистика и Дистрибуция ЕОО
496;112012025;9772534891119;СП. СПРИНТ 5.99;1;0;-1;5.99;-5.99;Експрес Логистика и Дистрибуция ЕОО
497;112012029;5000394035980;NOT ЛИТИЕВАБАТЕРИЯДЮРАСЕЛ CB MES LM 2016;2;2;0;2.49;0.00;Орбико България ЕООД
498;112012030;4064700232402;3ЛSONAX ЗИМНА ТЕЧНОСТ ЗА ЧИСТАЧКИ-ГОТОВА;11;11;0;23.89;0.00;СЕНАКС ООД
499;112012079;4009900510851;95ГР БОНБОНИ СКИТЪЛС КРЕЙЗИ САУЪРС;7;7;0;1.99;0.00;МУВИО ЛОДЖИСТИКС ЕООД / Бултранспор
500;112012083;7613035903524;60ГР НЕСТЛЕ ЛАЙЪН БЯЛ 2 PACK;28;26;-2;1.29;-2.58;МУВИО ЛОДЖИСТИКС ЕООД / Бултранспор
501;112012104;3800221963170;ЦИГАРИ CORSET SS MAUVE SHELLPACK;11;11;0;5.6;0.00;Табако Трейд Сървисес ЕООД
502;112012105;3800221963224;ЦИГАРИ CORSET SS LILLAC SHELLPACK;7;7;0;5.6;0.00;Табако Трейд Сървисес ЕООД
503;112012122;5941000024151;90ГР СТАР СНАКС МИКС ПИЦА;1;2;1;1.69;1.69;Виста АВТ АД
504;112012142;3800034968133;АРОМАТИЗАТОР АРЕОН ФРЕСКО VERANO AZUL;4;4;0;2.99;0.00;Ареон България ЕООД
505;112012174;5201263006616;12БР. ВЛАЖНИ КЪРПИ BABYCARE ЛАЙКА;18;17;-1;1.59;-1.59;ИНТЕРФУДС БЪЛГАРИЯ ЕАД
506;112012198;9772535049007;СП. МАЛКОТО ЖИЛИЩЕ;1;1;0;2.99;0.00;Експрес Логистика и Дистрибуция ЕОО
507;112012213;9771312006202;СП. PLAYBOY 6.95;2;2;0;6.95;0.00;Експрес Логистика и Дистрибуция ЕОО
508;112012221;4011800644611;65ГР КОРНИ ОВЕСЕН БАР-КАКАО;11;11;0;1.99;0.00;ПАУЪРМАРК ООД
509;112012227;9770253507496;СП. DIVA 7ЛВ.;1;3;2;7;14.00;Експрес Логистика и Дистрибуция ЕОО
510;112012240;80001218;45Г ЛОАКЕР ВАФЛИ НЕАПОЛИТАНЕР;31;31;0;1.29;0.00;ИНКОФУДС ООД
511;112012241;80001263;45Г ЛОАКЕР ВАФЛИ КРЕМ КАКАО;37;37;0;1.29;0.00;ИНКОФУДС ООД
512;112012265;3800221964382;ЦИГАРИ KING ONYX CENTRIO DENIM 100;14;10;-4;5.2;-20.80;Табако Трейд Сървисес ЕООД
513;112012266;3800221964412;ЦИГАРИ KING ONYX CENTRIO SKY 100;16;10;-6;5.2;-31.20;Табако Трейд Сървисес ЕООД
514;112012288;42154662;14 ЛЕНТИ ОРБИТ СПЕЪРМИНТ;4;4;0;2.29;0.00;МУВИО ЛОДЖИСТИКС ЕООД / Бултранспор
515;112012293;59067221;DUNHILL FINE CUT ULTRA WHITE 99MM;41;41;0;6.2;0.00;Експрес Логистика и Дистрибуция ЕОО
516;112012310;9771312438034;СП. ГРАЦИЯ 8.95;4;1;-3;8.95;-26.85;Експрес Логистика и Дистрибуция ЕОО
517;112012313;3800221960967;ЦИГАРИ CORSET SS DEUX SHELLPACK;17;17;0;5.6;0.00;Табако Трейд Сървисес ЕООД
518;112012321;5941000024366;155ГР. РАФЪЛС СИРЕНЕ;2;2;0;3.39;0.00;Виста АВТ АД
519;112012326;3800034972239;АРОМАТИЗАТОР ФРЕСКО СПОРТ ЛУКС GOLD;0;1;1;3.19;3.19;Ареон България ЕООД
520;112012337;3800221960032;ЦИГАРИ KING RED;19;19;0;5;0.00;Табако Трейд Сървисес ЕООД
521;112012338;3800221963798;ЦИГАРИ KING ONYX GREEN X CHARGE;10;10;0;5.2;0.00;Табако Трейд Сървисес ЕООД
522;112012339;3800221965327;NOT ЦИГАРИ KING RED 100;10;0;-10;5.1;-51.00;Табако Трейд Сървисес ЕООД
523;112012340;3800221960759;ЦИГАРИ CORSET SS LILLAC;17;17;0;5.1;0.00;Табако Трейд Сървисес ЕООД
524;112012341;3800221965396;NOT ЦИГАРИ KING BLUE 100;10;10;0;5.1;0.00;Табако Трейд Сървисес ЕООД
525;112012342;3800221965648;ЦИГАРИ KING ONYX RED 100;15;15;0;5.1;0.00;Табако Трейд Сървисес ЕООД
526;112012343;3800221965716;ЦИГАРИ KING ONYX BLUE 100;14;17;3;5.1;15.30;Табако Трейд Сървисес ЕООД
527;112012344;3800221960834;ЦИГАРИ CORSET SS PINK;13;13;0;5.1;0.00;Табако Трейд Сървисес ЕООД
528;112012345;3800221964108;ЦИГАРИ MERILYN PINK FLAT PACK;12;12;0;5.1;0.00;Табако Трейд Сървисес ЕООД
529;112012354;3800148409041;СТЪРГАЛКА С ТЕЛЕСКОПИЧНА ДРЪЖКА OLYMP;7;6;-1;19.99;-19.99;Ес и Кей ЕООД
530;112012356;3800221964177;ЦИГАРИ MERILYN BLUE FLAT PACK;20;20;0;5.1;0.00;Табако Трейд Сървисес ЕООД
531;112012361;3800221964269;ЦИГАРИ MERILYN WHITE FLAT PACK;6;6;0;5.1;0.00;Табако Трейд Сървисес ЕООД
532;112012373;3800500587011;ЦИГАРИ СОБРАНИЕ BLACKS;12;12;0;5.8;0.00;Табако Трейд Сървисес ЕООД
533;112012374;3800500587042;ЦИГАРИ СОБРАНИЕ GOLDS;38;38;0;5.8;0.00;Табако Трейд Сървисес ЕООД
534;112012375;3800500587103;ЦИГАРИ СОБРАНИЕ WHITES;13;13;0;5.8;0.00;Табако Трейд Сървисес ЕООД
535;112012403;96130773;ФИШЕРМАНС ФРЕНД ГРАДИНСКА МЕНТА;2;2;0;1.79;0.00;Орбико България ЕООД
536;112012404;96130766;ФИШЕРМАНС ФРЕНД МЕД И ЛИМОН;5;5;0;1.79;0.00;Орбико България ЕООД
537;112012417;112012417;КОЛЕДНА КАРТИЧКА;16;0;-16;0;0.00;Ню Геймс АД
538;112012419;112012419;СРЕБЪРНА ПАРА;1;0;-1;0.01;-0.01;Ню Геймс АД
539;112012445;112012445;1КГ. ШОКОЛАД РАЗТВОРИМ ЗА КАПСУЛА/МАШИНА;3.02;0;-3.02;53.6;-161.87;СОФСТОК ЛТД ООД
540;112012455;4009900512398;35 ДРАЖЕТА ФАЙВ СПЕЪРМИНТ БУТИЛКА;7;7;0;5.99;0.00;МУВИО ЛОДЖИСТИКС ЕООД / Бултранспор
541;112012456;4009900512428;35 ДРАЖЕТА ФАЙВ ДИНЯ БУТИЛКА;7;7;0;5.99;0.00;МУВИО ЛОДЖИСТИКС ЕООД / Бултранспор
542;112012457;4009900525671;46 ДРАЖЕТА ORBIT УАЙТ БАБЪЛМИНТ БУТИЛКА;6;6;0;4.09;0.00;МУВИО ЛОДЖИСТИКС ЕООД / Бултранспор
543;112012458;5052197051735;3 БР. DUREX INTENSE;3;3;0;6.99;0.00;Аксон България АД
544;112012474;5449000235947;0.5Л FUZETEA ЛИМОН И ЛИМОНОВА ТРЕВА PET;11;10;-1;1.99;-1.99;КОКА-КОЛА ХБК БЪЛГАРИЯ АД
545;112012475;5449000236623;0.5Л FUZETEA ПРАСКОВА И ХИБИСКУС PET;10;10;0;1.99;0.00;КОКА-КОЛА ХБК БЪЛГАРИЯ АД
546;112012477;5449000189349;0.5Л FUZETEA МАНГО И АНАНАС PET;9;10;1;1.99;1.99;КОКА-КОЛА ХБК БЪЛГАРИЯ АД
547;112012478;5449000027450;0.5Л FUZETEA МАНГО И ЛАЙКА PET;4;0;-4;1.99;-7.96;КОКА-КОЛА ХБК БЪЛГАРИЯ АД
548;112012501;38029134;Ц-РИ LUCKY STRIKE LONGER CAPSULE;9;9;0;5.5;0.00;Експрес Логистика и Дистрибуция ЕОО
549;112012542;3800216121912;ХИЙТС АМБЪР;38;40;2;5.8;11.60;Орбико България ЕООД
550;112012543;3800216121936;ХИЙТС ЙЕЛОУ;41;42;1;5.8;5.80;Орбико България ЕООД
551;112012544;3800216121950;ХИЙТС ТЮРКОАЗ;39;35;-4;5.8;-23.20;Орбико България ЕООД
552;112012556;5204739613868;78ГР СЛАДОЛЕД БОС ДВОЕН ЯГОДА;7;6;-1;3.29;-3.29;Фронери България ЕООД
553;112012558;5903021302052;93ГР СЛАДОЛЕД МАГНУМ LOCO;2;2;0;2.49;0.00;Фронери България ЕООД
554;112012576;38029202;ЦИГАРИ ROTHMANS KS WHITE 86MM;18;18;0;5.2;0.00;Експрес Логистика и Дистрибуция ЕОО
555;112012577;38029196;ЦИГАРИ ROTHMANS BLUE INTERNATIONAL;19;19;0;5.2;0.00;Експрес Логистика и Дистрибуция ЕОО
556;112012578;38029219;ЦИГАРИ ROTHMANS SILVER INTERNATIONAL;19;19;0;5.2;0.00;Експрес Логистика и Дистрибуция ЕОО
557;112012608;3800061607722;30ГР ВАФЛА ТРОЯ GOLD;60;60;0;0.69;0.00;МУВИО ЛОДЖИСТИКС ЕООД / Бултранспор
558;112012609;3800034963428;5МЛ АРЕОН ТЕЧЕН АРОМАТИЗАТОР;8;8;0;2.69;0.00;Ареон България ЕООД
559;112012615;112012615;КОМПЛЕКТ ЗА ПЪТУВАНЕ 4 ЧАНТИ-СИН;3;3;0;17.19;0.00;Ес и Кей ЕООД
560;112012616;3800148424655;КОМПЛЕКТ ЗА ПЪТУВАНЕ 4 ЧАНТИ-ЗЕЛЕН;0;3;3;17.19;51.57;Ес и Кей ЕООД
561;112012641;5060517884789;500МЛ МОНСТЪР MIXXD PUNCH;0;2;2;2.99;5.98;КОКА-КОЛА ХБК БЪЛГАРИЯ АД
562;112012646;42203179;ОРБИТ УАЙТ ЯГОДА ДРАЖЕ;25;25;0;1.09;0.00;МУВИО ЛОДЖИСТИКС ЕООД / Бултранспор
563;112012659;38029110;ЦИГАРИ LUCKY STRIKE LIGHT BLUE 94MM;25;25;0;5.4;0.00;Експрес Логистика и Дистрибуция ЕОО
564;112012660;38029103;ЦИГАРИ LUCKY STRIKE DARK BLUE 94MM;16;16;0;5.4;0.00;Експрес Логистика и Дистрибуция ЕОО
565;112012671;52020049;30ГР ТЮТЮН ДЖОРДЖ КАРЕЛИЯ ДАРК БЛУ;3;3;0;7.5;0.00;Болкан Едвъртайзинг Енд Дистрибюшън
566;112012681;9771312484048;В-К УИКЕНД 1.99;2;6;4;1.99;7.96;Експрес Логистика и Дистрибуция ЕОО
567;112012690;5449000189394;0.5Л FUZETEA ГОРСКИ ПЛОДОВЕ PET;18;18;0;1.99;0.00;КОКА-КОЛА ХБК БЪЛГАРИЯ АД
568;112012705;5900020029447;23.5ГР NESTLE FITNESS ЧЕРВЕНИ ПЛОДОВЕ;26;26;0;0.99;0.00;МУВИО ЛОДЖИСТИКС ЕООД / Бултранспор
569;112012706;5900020029454;NOT 23.5ГРNESTLEFITNESS ПРАСКОВА КАЙСИЯ;13;12;-1;0.99;-0.99;МУВИО ЛОДЖИСТИКС ЕООД / Бултранспор
570;112012750;3800162400260;ЦИГАРИ MERILYN POP;11;11;0;5.3;0.00;Табако Трейд Сървисес ЕООД
571;112012751;59068747;NOT ЦИГАРИ VICTORY BLUE RC 100MM;35;35;0;5.5;0.00;Експрес Логистика и Дистрибуция ЕОО
572;112012752;59069133;NOT ЦИГАРИ VICTORY GOLD RC 100MM;27;25;-2;5.5;-11.00;Експрес Логистика и Дистрибуция ЕОО
573;112012754;59068778;NOT ЦИГАРИ VICTORY SKY RC 100MM;16;16;0;5.5;0.00;Експрес Логистика и Дистрибуция ЕОО
574;112012766;3800162400925;ЦИГАРИ КИНГ CARBON NITRO;10;8;-2;5;-10.00;Табако Трейд Сървисес ЕООД
575;112012767;3800162400932;ЦИГАРИ КИНГ CARBON NEON;10;10;0;5;0.00;Табако Трейд Сървисес ЕООД
576;112012782;5449000214744;0.5Л КОКА КОЛА ЧЕРИ ZERO PET;6;1;-5;1.59;-7.95;КОКА-КОЛА ХБК БЪЛГАРИЯ АД
577;112012783;5449000245021;0.5Л РОСА ИЗВОРНА ВОДА;34;34;0;1.09;0.00;КОКА-КОЛА ХБК БЪЛГАРИЯ АД
578;112012785;5449000245045;1.5Л РОСА ИЗВОРНА ВОДА;34;34;0;1.39;0.00;КОКА-КОЛА ХБК БЪЛГАРИЯ АД
579;112012851;3800034971348;АРОМАТИЗАТОР МОН АРЕОН СУХ PATCHOULI,LAV;6;6;0;1.29;0.00;Ареон България ЕООД
580;112012853;3800034972291;АРОМАТИЗАТОР МОН АРЕОН СУХ SILVER LINEN;4;4;0;1.29;0.00;Ареон България ЕООД
581;112012867;112012867;ЗАПАЛКА;19;0;-19;0;0.00;Експрес Логистика и Дистрибуция ЕОО
582;112012885;3838952023627;1БР. НОСНИ КЪРПИ PALOMA CLASSIC;48;48;0;0.45;0.00;ИНТЕРФУДС БЪЛГАРИЯ ЕАД
583;112012886;3838952014700;1БР. НОСНИ КЪРПИ PALOMA JUNIOR;4;4;0;0.45;0.00;ИНТЕРФУДС БЪЛГАРИЯ ЕАД
584;112012894;112012894;NOT ЗАПАЛКА;24;0;-24;0;0.00;Експрес Логистика и Дистрибуция ЕОО
585;112012902;3800034967839;8МЛ АРОМАТИЗАТОР АРЕОН МЕМБРАН МОН;16;15;-1;3.09;-3.09;Ареон България ЕООД
586;112012907;52019289;ЦИГАРИ OME WHITE 100’S;10;10;0;5.2;0.00;Болкан Едвъртайзинг Енд Дистрибюшън
587;112012908;52012853;ЦИГАРИ КАРЕЛИЯ МИСТ 100ММ;12;12;0;5;0.00;Болкан Едвъртайзинг Енд Дистрибюшън
588;112012917;3800034974271;АРОМАТИЗАТОР АРЕОН МИНИ МАКС;1;1;0;1.29;0.00;Ареон България ЕООД
589;112012918;3800034973885;СУХ АРОМАТИЗАТОР АРЕОН PREMIUM;-1;17;18;2.19;39.42;Ареон България ЕООД
590;112012951;3800054924126;CARE СТЪРГАЛКА С РЪКАВИЧКА;2;2;0;3.89;0.00;ИМПАС-56 ООД
591;112012953;3800216123633;ХИЙТС СИЕНА;32;33;1;5.8;5.80;Орбико България ЕООД
592;112012960;9771312385550;СП. ЖУРНАЛ ЗА ЖЕНАТА 0.79ЛВ.;1;3;2;0.79;1.58;Експрес Логистика и Дистрибуция ЕОО
593;112012993;9772603432007;СП. КОСМОС 4.50 ЛВ.;1;1;0;4.5;0.00;Експрес Логистика и Дистрибуция ЕОО
594;112012994;38029721;ДЪНХИЛ НЕОСТИКС NAVY BLUE;57;57;0;6;0.00;Експрес Логистика и Дистрибуция ЕОО
595;112012995;38029714;ДЪНХИЛ НЕОСТИКС YELLOW;39;38;-1;6;-6.00;Експрес Логистика и Дистрибуция ЕОО
596;112012996;38029738;ДЪНХИЛ НЕОСТИКС GREEN;43;43;0;6;0.00;Експрес Логистика и Дистрибуция ЕОО
597;112013023;9770861797333;В-К СТАНДАРТ 1.79 ЛВ.;2;3;1;1.79;1.79;Експрес Логистика и Дистрибуция ЕОО
598;112013027;7613036584173;NOT 34 ГР. МУРА ШОКОЛАД;11;15;4;0.79;3.16;МУВИО ЛОДЖИСТИКС ЕООД / Бултранспор
599;112013028;7613036584159;NOT 34 ГР. МУРА ЛЕШНИК;11;0;-11;0.79;-8.69;МУВИО ЛОДЖИСТИКС ЕООД / Бултранспор
600;112013044;3800216123602;ХИЙТС БРОНЗ;47;47;0;5.8;0.00;Орбико България ЕООД
601;112013059;9771314396110;В-К БЪЛГАРИЯ ДНЕС 1 ЛВ.;1;24;23;1;23.00;Експрес Логистика и Дистрибуция ЕОО
602;112013086;5941000025356;70 ГР. RUFFLES КАРТОФЕН ЧИПС КЕТЧУП;5;5;0;2.49;0.00;Виста АВТ АД
603;112013088;5941000025363;70 ГР. RUFFLES КАРТОФЕН ЧИПС БАРБЕКЮ;1;1;0;2.49;0.00;Виста АВТ АД
604;112013095;3800034974400;СУХ АРОМАТИЗАТОР АРЕОН MOSAIC;65;60;-5;2.19;-10.95;Ареон България ЕООД
605;112013096;3800034974967;АРОМАТИЗАТОР АРЕОН ФРЕСКО NEW;10;10;0;3.09;0.00;Ареон България ЕООД
606;112013127;8606018611744;100 МЛ. СЛАДОЛЕД BOSS РОКИ;13;13;0;3.29;0.00;Фронери България ЕООД
607;112013128;8606018611706;175 МЛ. СЛАДОЛЕД NIRVANA ЧАШКА ЯДРО;9;9;0;3.99;0.00;Фронери България ЕООД
608;112013141;9772612121039;ЗЛАТНИТЕ КНИГИ НА ДИСНИ 5.95 ЛВ.;1;1;0;5.95;0.00;Експрес Логистика и Дистрибуция ЕОО
609;112013144;38030321;ДЪНХИЛ НЕОСТИКС INTENSE BLUE;28;28;0;6;0.00;Експрес Логистика и Дистрибуция ЕОО
610;112013156;3800034975087;АРОМАТИЗАТОР ФРЕСКО МОЗАЙКА;19;19;0;3.09;0.00;Ареон България ЕООД
611;112013167;5201360531301;110Г КРОАСАН 7DAYS ВАНИЛОВ КРЕМ БИСКВИТИ;3;0;-3;1.29;-3.87;МУВИО ЛОДЖИСТИКС ЕООД / Бултранспор
612;112013168;5201360531295;110Г КРОАСАН 7DAYS ЛЕШНИКОВА ПРАЛИНА БИС;-1;0;1;1.29;1.29;МУВИО ЛОДЖИСТИКС ЕООД / Бултранспор
613;112013172;3800116401008;50 ГР. СОЛЕТИ ХРУС-ХРУС СЪС СУСАМ;43;42;-1;0.89;-0.89;МУВИО ЛОДЖИСТИКС ЕООД / Бултранспор
614;112013176;9771312873408;МОЕТО ДЕТЕ/ГРИЖА ЗА БЕБЕТО 5.00 ЛВ.;1;1;0;5;0.00;Експрес Логистика и Дистрибуция ЕОО
615;112013179;9772367837001;СП. INGLOBO 7.00 ЛВ.;1;0;-1;7;-7.00;Експрес Логистика и Дистрибуция ЕОО
616;112013200;544900005198;1.5Л КОКА КОЛА;8;8;0;2.69;0.00;КОКА-КОЛА ХБК БЪЛГАРИЯ АД
617;112013201;544900005292;1.5Л ФАНТА ПОРТОКАЛ;2;3;1;2.69;2.69;КОКА-КОЛА ХБК БЪЛГАРИЯ АД
618;112013202;544900001220;1.5Л СПРАЙТ;10;10;0;2.69;0.00;КОКА-КОЛА ХБК БЪЛГАРИЯ АД
619;112013204;3800061606282;216ГР МИРАЖ ВИШНИ;1;1;0;2.79;0.00;МУВИО ЛОДЖИСТИКС ЕООД / Бултранспор
620;112013205;7613036825849;31ГР МУРА ДРИЙМС ФЪСТЪЦИ;55;55;0;0.89;0.00;МУВИО ЛОДЖИСТИКС ЕООД / Бултранспор
621;112013241;38030574;ЦИГАРИ VOGUE LILAC UNIQUE 97MM.;29;28;-1;5.3;-5.30;Експрес Логистика и Дистрибуция ЕОО
622;112013242;38030567;ЦИГАРИ VOGUE PINK UNIQUE 97MM.;15;15;0;5.3;0.00;Експрес Логистика и Дистрибуция ЕОО
623;112013243;38030581;ЦИГАРИ VOGUE IVORY UNIQUE 97MM.;25;25;0;5.3;0.00;Експрес Логистика и Дистрибуция ЕОО
624;112013244;38030529;ЦИГАРИ VOGUE YELLOW UNIQUE 97MM.;47;47;0;5.3;0.00;Експрес Логистика и Дистрибуция ЕОО
625;112013259;422116310;16БР. ОРБИТ МИНТС СТРОНГМИНТ РОЛКА;9;9;0;1.19;0.00;МУВИО ЛОДЖИСТИКС ЕООД / Бултранспор
626;112013260;422115010;16БР. ОРБИТ МИНТС ФРЕШМИНТ РОЛКА;6;6;0;1.19;0.00;МУВИО ЛОДЖИСТИКС ЕООД / Бултранспор
627;112013265;5201004020635;200ГР БИСКВИТИ DIGESTIVE МЛЕЧЕН ШОКОЛАД;1;1;0;3.69;0.00;Орбико България ЕООД
628;112013266;5201004020840;200ГР БИСКВИТИ DIGESTIVE ТЪМЕН ШОКОЛАД;1;1;0;3.69;0.00;Орбико България ЕООД
629;112013267;5201004520760;250ГР БИСКВИТИ DIGESTIVE;3;3;0;3.79;0.00;Орбико България ЕООД
630;112013274;3800162401175;ЦИГАРИ KING CAPSULE;16;16;0;5.2;0.00;Табако Трейд Сървисес ЕООД
631;112013275;4030600223260;Ц-РИ DAVIDOFF REACH BLUE;11;11;0;5.2;0.00;Табако Трейд Сървисес ЕООД
632;112013276;4030600223291;ЦИГАРИ DAVIDOFF REACH SILVER;10;10;0;5.2;0.00;Табако Трейд Сървисес ЕООД
633;112013282;3800162401335;ЦИГАРИ KING RED 100MM;16;24;8;5;40.00;Табако Трейд Сървисес ЕООД
634;112013285;38030345;ДЪНХИЛ НЕОСТИКС CLICK GREEN;25;25;0;5.8;0.00;Експрес Логистика и Дистрибуция ЕОО
635;112013286;38030338;ДЪНХИЛ НЕОСТИКС CLICK RED;20;20;0;5.8;0.00;Експрес Логистика и Дистрибуция ЕОО
636;112013287;38030833;ДЪНХИЛ НЕОСТИКС ELECTRIC BLUE;26;26;0;5.8;0.00;Експрес Логистика и Дистрибуция ЕОО
637;112013292;38030956;DUNHILL SS GREEN;39;39;0;6.2;0.00;Експрес Логистика и Дистрибуция ЕОО
638;112013293;38030949;DUNHILL SS ROSE;60;33;-27;6.2;-167.40;Експрес Логистика и Дистрибуция ЕОО
639;112013294;59477280;DUNHILL SS BEIGE;48;48;0;6.2;0.00;Експрес Логистика и Дистрибуция ЕОО
640;112013295;5060639121649;500МЛ МОНСТЪР МАНГО ЛОКО;5;5;0;2.99;0.00;КОКА-КОЛА ХБК БЪЛГАРИЯ АД
641;112013298;5449000270863;330МЛ КОКА КОЛА С КАФЕ КЕН;9;9;0;1.39;0.00;КОКА-КОЛА ХБК БЪЛГАРИЯ АД
642;112013374;4030600227534;Ц-РИ DAVIDOFF REACH BLACK MAX;9;9;0;5.2;0.00;Табако Трейд Сървисес ЕООД
643;112013375;59477594;Ц-РИ ДЪНХИЛ SLIM PURPLE;36;36;0;5.7;0.00;Експрес Логистика и Дистрибуция ЕОО
644;112013376;59477600;Ц-РИ ДЪНХИЛ SLIM ROSE GOLD;54;54;0;5.7;0.00;Експрес Логистика и Дистрибуция ЕОО
645;112013377;59477617;Ц-РИ ДЪНХИЛ SLIM WHITE;38;38;0;5.7;0.00;Експрес Логистика и Дистрибуция ЕОО
646;112013389;9771312944979;СПИСАНИЕ AUTO BILD 5.00;2;2;0;5;0.00;Експрес Логистика и Дистрибуция ЕОО
647;112013390;7613036917308;41.5 ГР. КИТ КАТ 4 FINGER DARK;-16;9;25;1.69;42.25;МУВИО ЛОДЖИСТИКС ЕООД / Бултранспор
648;112013395;5449000273352;1.25 Л. ШВЕПС МАНДАРИН;8;8;0;2.69;0.00;КОКА-КОЛА ХБК БЪЛГАРИЯ АД
649;112013396;5449000273338;1.25 Л. ШВЕПС СОДА;5;5;0;1.49;0.00;КОКА-КОЛА ХБК БЪЛГАРИЯ АД
650;112013432;9771311999024;1.00 ЛВ. MOBILE.BG;1;2;1;1;1.00;Експрес Логистика и Дистрибуция ЕОО
651;112013437;8594003664939;500 ГР. СУХО МЛЯКО ЗА КАПСУЛА/МАШИНА;2.43;0;-2.43;37.5;-91.13;СОФСТОК ЛТД ООД
652;112013468;38031083;Ц-РИ ДЪНХИЛ НЕОСТИКС MYX PURPLE;30;30;0;5.8;0.00;Експрес Логистика и Дистрибуция ЕОО
653;112013469;38031090;Ц-РИ ДЪНХИЛ НЕОСТИКС  CLICK YELLOW;15;15;0;5.8;0.00;Експрес Логистика и Дистрибуция ЕОО
654;112013486;4064700355248;SONAX ПРЕПАРАТ ПРОТИВ ИЗПОТЯВАНЕ СТЪКЛА;5;5;0;9.99;0.00;СЕНАКС ООД
655;112013487;112013487;SONAX ПРЕПАРАТ ЗА РАЗМРАЗЯВАНЕ НА СТЪКЛА;5;5;0;11.99;0.00;СЕНАКС ООД
656;112013489;3800148401106;ВЕРИГИ ЗА СНЯГ МЕЧА СТЪПКА РАЗМЕР 110;1;1;0;45.99;0.00;Ес и Кей ЕООД
657;112013490;3800148412201;ВЕРИГИ ЗА СНЯГ МЕЧА СТЪПКА РАЗМЕР 120;1;1;0;45.99;0.00;Ес и Кей ЕООД
658;112013495;3800148491572;СТЪРГАЛКА С ЧЕТКА BLIZZARD;1;0;-1;14.99;-14.99;Ес и Кей ЕООД
659;112013498;3800148491589;СТЪРГАЛКА ЗА ЛЕД С ДЛЕТО ELZA;3;4;1;20.99;20.99;Ес и Кей ЕООД
660;112013499;38030390;ЦИГАРИ ROTHMANS SLIMS BKACK L-SERIES;7;7;0;5.2;0.00;Експрес Логистика и Дистрибуция ЕОО
661;112013500;38031106;ЦИГАРИ ROTHMANS SLIMS GOLD L-SERIES;20;20;0;5.2;0.00;Експрес Логистика и Дистрибуция ЕОО
662;112013502;3800216124418;ХИЙТС ТИК СЕЛЕКШЪН;33;33;0;5.8;0.00;Орбико България ЕООД
663;112013505;3800054924140;CARE ТЕЛЕСКОПИЧНА СТЪРГАЛКА ЗА ЛЕД 63-89;4;4;0;11.99;0.00;ИМПАС-56 ООД
664;112013564;9772534865066;СЪДБИ + КНИГА 4.99 ЛВ.;1;1;0;4.99;0.00;Експрес Логистика и Дистрибуция ЕОО
665;112013566;9771312762405;СП. КУЛИНАРЕН ЖУРНАЛ SPECIAL 5.99 ЛВ.;1;1;0;5.99;0.00;Експрес Логистика и Дистрибуция ЕОО
666;112013567;9771312385796;ЖУРНАЛ/КРИМИНАЛНИ РАЗКАЗИ 4.99 ЛВ.;1;1;0;4.99;0.00;Експрес Логистика и Дистрибуция ЕОО
667;112013581;5000394045514;ЛИТИЕВАБАТЕРИЯDURACELLCB MES LM 2025-2БР;3;3;0;5.29;0.00;Орбико България ЕООД
668;112013582;5000394203921;ЛИТИЕВАБАТЕРИЯDURACELL CB MES LM 2032-2Б;2;2;0;5.29;0.00;Орбико България ЕООД
669;112013595;112013595;8 СМ. НОЖ ЗА БЕЛЕНЕ CSS;16;0;-16;31.96;-511.36;EU Promotions Central Europe Kft.
670;112013596;112013596;20 СМ. НОЖ ЗА МЕСО CSS;5;0;-5;44.99;-224.95;EU Promotions Central Europe Kft.
671;112013597;112013597;20 СМ. НОЖ ЗА ХЛЯБ CSS;13;0;-13;44.99;-584.87;EU Promotions Central Europe Kft.
672;112013598;112013598;КОМПЛЕКТ ЗА ХРАНЕНЕ - 4 ЧАСТИ CSS;34;0;-34;39.33;-1337.22;EU Promotions Central Europe Kft.
673;112013600;112013600;КОМПЛЕКТ ЗА СЕРВИРАНЕ CSS;3;0;-3;31.96;-95.88;EU Promotions Central Europe Kft.
674;112013602;112013602;КОМПЛЕКТ 2 БР. КУПИ 300 МЛ. CSS;15;0;-15;37.48;-562.20;EU Promotions Central Europe Kft.
675;112013603;112013603;КОМПЛЕКТ 2 БР. КУПИ 500 МЛ. CSS;15;0;-15;42.48;-637.20;EU Promotions Central Europe Kft.
676;112013604;112013604;КОМПЛЕКТ 200 МЛ. ЧАШИ CSS;4;0;-4;24.98;-99.92;EU Promotions Central Europe Kft.
677;112013606;112013606;КОМПЛЕКТ 4 БР. ЧАЕНИ ЛЪЖИЧКИ CSS;15;0;-15;19.97;-299.55;EU Promotions Central Europe Kft.
678;112013607;112013607;КОМПЛЕКТ 4 БР. ДЕСЕРТНИ ВИЛИЧКИ CSS;13;0;-13;19.97;-259.61;EU Promotions Central Europe Kft.
679;112013625;38030932;Ц-РИ ROTHMANS BLACK 84MM;30;30;0;5.4;0.00;Експрес Логистика и Дистрибуция ЕОО
680;112013626;38030895;Ц-РИ ROTHMANS GOLD 84MM;90;90;0;5.4;0.00;Експрес Логистика и Дистрибуция ЕОО
681;112013627;38030925;Ц-РИ ROTHMANS SILVER 84MM;20;20;0;5.4;0.00;Експрес Логистика и Дистрибуция ЕОО
682;112013628;9771311213113;СП. МЕНИДЖЪР;0;1;1;7;7.00;Експрес Логистика и Дистрибуция ЕОО
683;112013629;9771312289490;ИСТИНСКАТА СКОРОСТ НА ЖЕНИТЕ;2;2;0;7;0.00;Експрес Логистика и Дистрибуция ЕОО
684;112013640;112013640;AUTO BILD ГОДИШЕН;2;0;-2;8.99;-17.98;Експрес Логистика и Дистрибуция ЕОО
685;112013641;112013641;ВК. ТРУД 1.99;7;11;4;1.99;7.96;Експрес Логистика и Дистрибуция ЕОО
686;112013647;3800218724777;КУЛ. ЖУРНАЛ + ЖУРНАЛ ПАКЕТ;2;1;-1;0.99;-0.99;Експрес Логистика и Дистрибуция ЕОО
687;112013649;3800218720038;ЖУРНАЛ ОПОЗНАЙ ЕВРОПА;0;1;1;6.99;6.99;Експрес Логистика и Дистрибуция ЕОО
688;112013670;9771311318054;СЕГА 1.50 ЛВ.;0;2;2;1.5;3.00;Експрес Логистика и Дистрибуция ЕОО
689;112013671;59479062;ЦИГАРИ VOGUE UNIQUE BLACK;24;24;0;5.1;0.00;Експрес Логистика и Дистрибуция ЕОО
690;114000995;114000995;ГАЗОВА БУТИЛКА ТОПЛИВО 60 ЛВ;16;0;-16;60;-960.00;Топливо Газ ЕООД
691;114001135;3800228080078;ЛОТАРИЕН БИЛЕТ 'ЛОТО+' 2ЛВ;75;75;0;2;0.00;Ню Геймс АД
692;114001152;3800228080085;NOT ЛОТАРИЕН БИЛЕТ МЕГА МИЛИОНИ 5ЛВ.;2;2;0;5;0.00;Ню Геймс АД
693;114001181;114001181;БУТИЛКА ЗА БУТИЛИРАНА ГАЗ ВИ-ГАЗ 60ЛВ;12;0;-12;60;-720.00;ВИ-ГАЗ БЪЛГАРИЯ ЕАД
694;114001225;3800228080122;NOT БИЛЕТ ЦЯЛ ЖИВОТ- 5ЛВ;11;11;0;5;0.00;Ню Геймс АД
695;114001242;3800228080146;ЛОТАРИЕН БИЛЕТ МЕЧТАНИЯТ ДОМ- 3ЛВ;130;130;0;3;0.00;Ню Геймс АД
696;114001260;3800228080160;ЛОТАРИЕН БИЛЕТ КЕШX10 -2ЛВ;69;88;19;2;38.00;Ню Геймс АД
697;114001262;3800228080184;ЛОТАРИЕН БИЛЕТ КЕШX50 -5ЛВ;46;44;-2;5;-10.00;Ню Геймс АД
698;114001324;3800228080207;ЛОТ.БИЛЕТ ПЕРФЕКТНИЯТ ПОДАРЪК- 2ЛВ;114;114;0;2;0.00;Ню Геймс АД
699;114001341;3800228080214;ЛОТ.БИЛЕТ ПЕРФЕКТНИЯТ ПОДАРЪК- 3ЛВ;12;23;11;3;33.00;Ню Геймс АД
700;114001355;3800228080221;ЛОТAРИЕН БИЛЕТ ПЕРФЕКТНИЯТ ПОДАРЪК-5ЛВ;87;124;37;5;185.00;Ню Геймс АД
701;114001434;3800228080290;ЛОТАРИЕН БИЛЕТ СУПЕР ЛОТО+ 3ЛВ;44;44;0;3;0.00;Ню Геймс АД
702;114001480;3800228080313;ЛОТАРИЕН БИЛЕТ КЕШ КРЪСТОСЛОВИЦИ 3ЛВ;38;38;0;3;0.00;Ню Геймс АД
703;114001488;3800228080320;ЛОТАРИЕН БИЛЕТ ЗЛАТНАТА МИНА 2ЛВ;54;54;0;2;0.00;Ню Геймс АД
704;114001519;3800228080399;ЛОТАРИЕН БИЛЕТ КОЛЕДЕН КАЛЕНДАР - 20ЛВ.;30;30;0;20;0.00;Ню Геймс АД
705;114001584;3800228080412;ЛОТАРИЕН БИЛЕТ 3 000 000 JACKPOT - 10ЛВ.;13;13;0;10;0.00;Ню Геймс АД
706;114001603;3800228080481;ЛОТАРИЕН БИЛЕТ ДВОЙНИ ПЕЧАЛБИ;64;128;64;2;128.00;Ню Геймс АД
707;114001611;3800228080467;ЛОТ. БИЛЕТ ЗЛ. ПИРАМИДИ ЗА МИЛИОНИ -5ЛВ.;10;10;0;5;0.00;Ню Геймс АД
708;114001629;3800228080528;ЛОТАРИЕН БИЛЕТ КИТАЙСКИ ДРАКОН;83;83;0;3;0.00;Ню Геймс АД
709;114001650;3800228080498;ЛОТ. БИЛЕТ ОКОЛОСВЕТСКО ПЪТЕШЕСТВИЕ-5ЛВ.;33;33;0;5;0.00;Ню Геймс АД
710;114001667;3800228080535;ЛОТАРИЕН БИЛЕТ ДВОЙНО КАФЕ;13;26;13;2;26.00;Ню Геймс АД
711;114001679;3800228080542;ЛОТАРИЕН БИЛЕТ SILVER&GOLD - 5ЛВ.;35;35;0;5;0.00;Ню Геймс АД
712;114001695;3800228080504;ЛОТАРИЕН БИЛЕТ АМЕРИКАНСКИ ДОЛАР -10ЛВ.;23;23;0;10;0.00;Ню Геймс АД
713;114001771;3800228080634;ЛОТАРИЕН БИЛЕТ ЗЛАТНАТА РИБКА-2 ЛВ.;63;128;65;2;130.00;Ню Геймс АД
714;114001782;3800228080641;ЛОТАРИЕН БИЛЕТ МЕГА КЕШ КРЪСТОСЛОВИЦИ-10;24;24;0;10;0.00;Ню Геймс АД
715;114001798;3800228080689;ЛОТАРИЕН БИЛЕТ ПЕЧАЛБА ЗА ЦЯЛ ЖИВОТ-3ЛВ;31;31;0;3;0.00;Ню Геймс АД
716;114001806;3800228080696;ЛОТАРИЕН БИЛЕТ АМЕРИКАНСКО БИНГО ЗА МИЛИ;100;0;-100;5;-500.00;Ню Геймс АД
717;114001815;3800228080702;ЛОТАРИЕН БИЛЕТ СУПЕР ДУМИ - 2ЛВ.;21;21;0;2;0.00;Ню Геймс АД
718;114001825;3800228080719;ЛОТАРИЕН БИЛЕТ КАРИБСКО СЪКРОВИЩЕ 2-3ЛВ;99;99;0;3;0.00;Ню Геймс АД
719;114001841;3800228080740;ЛОТ БИЛ ,,АМЕРИКАНСКО БИНГО ДИВИЯ ЗАПАД;29;29;0;3;0.00;Ню Геймс АД
720;114001850;380022808020;ЛОТАРИЕН БИЛЕТ ТРЕЗОР - 3 ЛВ.;63;63;0;3;0.00;Ню Геймс АД
721;114001857;3800228081037;ЛОТАРИЕН БИЛЕТ ЗЛАТНАТА 7 ЛИМИТИРАН ТИРА;122;122;0;2;0.00;Ню Геймс АД
722;114001866;3800228081068;ЛОТАРИЕН БИЛЕТ EL DORADO - 2ЛВ.;38;76;38;2;76.00;Ню Геймс АД
723;114001875;3800228081099;ЛОТАРИЕН БИЛЕТ СУПЕР ЛОТО+ ЗЛАТНО ИЗДАНИ;106;106;0;3;0.00;Ню Геймс АД
724;114001883;3800228081105;ЛОТАРИЕН БИЛЕТ МАГИЧНИ ПЛОДОВЕ-3ЛВ;60;60;0;3;0.00;Ню Геймс АД
725;114001892;3800228081129;ЛОТАРИЕН БИЛЕТ МЕД ОТ ЗЛАТО - 2ЛВ.;83;83;0;2;0.00;Ню Геймс АД
726;114001899;3800228081143;ЛОТАРИЕН БИЛЕТ ИМПЕРАТ. КРЪСТОСЛОВИЦИ5ЛВ;100;0;-100;5;-500.00;Ню Геймс АД
727;114001921;3800228081150;"ЛОТАРИЕН БИЛЕТ ""ЩАСТЛИВИТЕ СЪЗВЕЗДИЯ""-3Л";36;36;0;3;0.00;Ню Геймс АД
728;114001928;3800228081174;"ЛОТАРИЕН БИЛЕТ ""ЗЛАТНИТЕ ПИРАМИДИ 7""-3ЛВ";48;48;0;3;0.00;Ню Геймс АД
729;114001935;3800228081167;"ЛОТАРИЕН БИЛЕТ ""I LOVE CASH""-2 ЛВ.";5;5;0;2;0.00;Ню Геймс АД
730;114001942;3800228081198;"ЛОТАРИЕН БИЛЕТ ""ДИАМАНТЕНА 7""- 5ЛВ.";67;67;0;5;0.00;Ню Геймс АД
731;114001951;3800228081204;ЛОТАРИЕН БИЛЕТ ДИАМАНТИ - 3ЛВ.;126;126;0;3;0.00;Ню Геймс АД
732;114001958;3800228081181;ЛОТАРИЕН БИЛ АМЕРИКАНСКО БИНГО МАЯМИ 3ЛВ;106;106;0;3;0.00;Ню Геймс АД
733;114001967;3800228081211;ЛОТ. БИЛ. АМЕР. БИНГО ЗА МИЛИОНИ 3 - 5ЛВ;91;91;0;5;0.00;Ню Геймс АД
734;114001976;3800228081228;"ЛОТАРИЕН БИЛЕТ ""LUCKY 7777"" - 5ЛВ.";73;73;0;5;0.00;Ню Геймс АД
735;114001983;3800228081303;ЛОТАРИЕН БИЛЕТ ИМПЕР. КРЪСТ.2- 5ЛВ.;52;52;0;5;0.00;Ню Геймс АД
736;114001984;3800228081259;"ЛОТАРИЕН БИЛЕТ ""ПРАЗНИЧЕН КЕШ"" - 5ЛВ.";58;58;0;5;0.00;Ню Геймс АД
737;114001985;3800228081266;"ЛОТАРИЕН БИЛЕТ ""КОЛЕДНИ ЖЕЛАНИЯ"" - 2ЛВ.";60;60;0;2;0.00;Ню Геймс АД
738;114001986;3800228081242;"ЛОТАРИЕН БИЛЕТ ""КОЛЕДЕН БОНУС"" - 3ЛВ.";90;90;0;3;0.00;Ню Геймс АД
739;114002012;3800228081235;"ЛОТАРИЕН БИЛЕТ ""МЕД ОТ ЗЛАТО-2""-2ЛВ.";97;97;0;2;0.00;Ню Геймс АД
740;114002013;3800228081112;"ЛОТАРИЕН БИЛЕТ ""СУПЕР ДУМИ 3"" - 2ЛВ.";92;92;0;2;0.00;Ню Геймс АД
741;114002026;3800228081310;"ЛОТАРИЕН БИЛЕТ ""2020"" - 3ЛВ.";69;69;0;3;0.00;Ню Геймс АД
742;114002027;3800228081334;"ЛОТАРИЕН БИЛЕТ ""I LOVE CASH 2"" - 3ЛВ.";78;78;0;3;0.00;Ню Геймс АД
